[2026-10-02 20:59:52] User: julie | Action: logged_out
[2026-10-05 00:25:52] User: alex | Action: read_email
[2026-10-05 08:34:52] User: namjoon | Action: update_profile
[2026-10-04 20:15:52] User: sarah | Action: read_email
[2026-10-06 16:42:52] User: jane | Action: deleted_database
[2026-10-06 00:41:52] User: antonio | Action: password_changed
[2026-10-06 12:40:52] User: james | Action: accessed_shared_drive
[2026-10-05 21:56:52] User: margaret | Action: logged_in
[2026-10-03 17:17:52] User: lily | Action: logged_in
[2026-10-03 12:33:52] User: nicole | Action: downloaded_confidential_file
[2026-10-02 13:03:52] User: margaret | Action: failed_login
[2026-10-06 02:38:52] User: karina | Action: update_profile
[2026-10-06 16:24:52] User: jimin | Action: logged_in
[2026-10-03 21:10:52] User: antonio | Action: password_changed
[2026-10-05 18:28:52] User: kevin | Action: logged_out
[2026-10-08 07:30:52] User: karina | Action: password_changed
[2026-10-06 22:45:52] User: luca | Action: update_profile
[2026-10-04 06:10:52] User: alex | Action: update_profile
[2026-10-02 15:23:52] User: yoonki | Action: update_profile
[2026-10-06 07:53:52] User: henry | Action: downloaded_confidential_file
[2026-10-04 01:16:52] User: matilda | Action: accessed_shared_drive
[2026-10-06 02:14:52] User: lisa | Action: logged_in
[2026-10-05 11:27:52] User: margaret | Action: logged_in
[2026-10-05 13:32:52] User: jungkook | Action: read_email
[2026-10-02 03:58:52] User: emily | Action: downloaded_confidential_file
[2026-10-08 19:31:52] User: diana | Action: accessed_shared_drive
[2026-10-05 20:25:52] User: jimin | Action: downloaded_confidential_file
[2026-10-03 14:41:52] User: elisabetta | Action: logged_in
[2026-10-08 19:17:52] User: nicole | Action: failed_login
[2026-10-06 22:18:52] User: willow | Action: logged_out
[2026-10-02 23:50:52] User: namjoon | Action: logged_out
[2026-10-02 03:22:52] User: suspect66 | Action: accessed_shared_drive
[2026-10-04 02:46:52] User: william | Action: password_changed
[2026-10-07 04:09:52] User: diana | Action: password_changed
[2026-10-03 13:40:52] User: henry | Action: update_profile
[2026-10-02 17:14:52] User: william | Action: failed_login
[2026-10-03 16:35:52] User: henry | Action: downloaded_confidential_file
[2026-10-07 23:27:52] User: suspect66 | Action: logged_in
[2026-10-03 20:12:52] User: jackson | Action: logged_in
[2026-10-03 09:29:52] User: diana | Action: failed_login
[2026-10-06 00:40:52] User: francesca | Action: failed_login
[2026-10-08 04:36:52] User: antonio | Action: update_profile
[2026-10-04 21:44:52] User: henry | Action: read_email
[2026-10-04 00:49:52] User: namjoon | Action: update_profile
[2026-10-04 11:15:52] User: alex | Action: downloaded_confidential_file
[2026-10-08 02:37:52] User: margaret | Action: logged_out
[2026-10-02 22:52:52] User: alex | Action: logged_out
[2026-10-05 02:30:52] User: emily | Action: read_email
[2026-10-04 09:14:52] User: julie | Action: accessed_shared_drive
[2026-10-08 00:17:52] User: karina | Action: deleted_database
[2026-10-04 20:33:52] User: rebecca | Action: downloaded_confidential_file
[2026-10-07 06:20:52] User: jennie | Action: downloaded_confidential_file
[2026-10-05 04:07:52] User: emily | Action: deleted_database
[2026-10-02 19:01:52] User: jin | Action: read_email
[2026-10-06 06:04:52] User: jungkook | Action: logged_out
[2026-10-07 03:55:52] User: diana | Action: failed_login
[2026-10-03 16:27:52] User: thomas | Action: deleted_database
[2026-10-03 21:13:52] User: jackson | Action: accessed_shared_drive
[2026-10-08 09:04:52] User: nicole | Action: accessed_shared_drive
[2026-10-06 10:07:52] User: margaret | Action: logged_in
[2026-10-07 08:09:52] User: yoonki | Action: logged_out
[2026-10-05 01:40:52] User: antonio | Action: downloaded_confidential_file
[2026-10-07 05:04:52] User: jennie | Action: read_email
[2026-10-02 05:35:52] User: jungkook | Action: password_changed
[2026-10-08 08:25:52] User: henry | Action: update_profile
[2026-10-03 05:43:52] User: emily | Action: accessed_shared_drive
[2026-10-03 06:40:52] User: willow | Action: downloaded_confidential_file
[2026-10-07 23:30:52] User: felix | Action: failed_login
[2026-10-02 03:06:52] User: suspect66 | Action: logged_out
[2026-10-05 01:58:52] User: margaret | Action: update_profile
[2026-10-04 23:42:52] User: alex | Action: accessed_shared_drive
[2026-10-07 15:19:52] User: jimin | Action: update_profile
[2026-10-06 23:35:52] User: james | Action: deleted_database
[2026-10-07 23:14:52] User: margaret | Action: password_changed
[2026-10-03 05:57:52] User: jimin | Action: failed_login
[2026-10-04 05:31:52] User: jisoo | Action: logged_out
[2026-10-02 23:14:52] User: kevin | Action: accessed_shared_drive
[2026-10-06 21:38:52] User: elisabetta | Action: deleted_database
[2026-10-08 03:26:52] User: francesca | Action: deleted_database
[2026-10-07 11:33:52] User: namjoon | Action: update_profile
[2026-10-04 20:24:52] User: rebecca | Action: read_email
[2026-10-02 11:25:52] User: matilda | Action: accessed_shared_drive
[2026-10-04 07:14:52] User: francesca | Action: deleted_database
[2026-10-05 15:41:52] User: alex | Action: update_profile
[2026-10-04 17:50:52] User: felix | Action: read_email
[2026-10-04 07:01:52] User: luca | Action: logged_in
[2026-10-02 15:04:52] User: nicole | Action: password_changed
[2026-10-06 07:55:52] User: chloe | Action: failed_login
[2026-10-03 13:54:52] User: william | Action: failed_login
[2026-10-05 08:59:52] User: jane | Action: deleted_database
[2026-10-06 11:23:52] User: karina | Action: failed_login
[2026-10-07 02:03:52] User: diana | Action: read_email
[2026-10-08 19:20:52] User: jungkook | Action: read_email
[2026-10-07 18:25:52] User: karina | Action: deleted_database
[2026-10-04 08:28:52] User: jin | Action: logged_in
[2026-10-02 17:04:52] User: francesca | Action: update_profile
[2026-10-04 20:28:52] User: chloe | Action: password_changed
[2026-10-05 08:07:52] User: willow | Action: logged_out
[2026-10-02 14:33:52] User: suspect66 | Action: logged_out
[2026-10-02 10:57:52] User: alex | Action: downloaded_confidential_file
[2026-10-02 07:56:52] User: yoonki | Action: deleted_database
[2026-10-06 11:44:52] User: luca | Action: deleted_database
[2026-10-02 09:17:52] User: lily | Action: password_changed
[2026-10-03 05:38:52] User: yoonki | Action: logged_in
[2026-10-06 00:52:52] User: matilda | Action: update_profile
[2026-10-08 03:59:52] User: jungkook | Action: update_profile
[2026-10-03 12:08:52] User: willow | Action: failed_login
[2026-10-08 22:04:52] User: henry | Action: failed_login
[2026-10-06 21:59:52] User: thomas | Action: logged_in
[2026-10-05 03:13:52] User: karina | Action: failed_login
[2026-10-07 04:38:52] User: antonio | Action: read_email
[2026-10-05 19:24:52] User: henry | Action: deleted_database
[2026-10-06 10:48:52] User: jennie | Action: failed_login
[2026-10-02 18:03:52] User: jane | Action: update_profile
[2026-10-04 12:57:52] User: emily | Action: password_changed
[2026-10-05 03:48:52] User: jungkook | Action: failed_login
[2026-10-03 02:56:52] User: sarah | Action: logged_out
[2026-10-08 12:32:52] User: elisabetta | Action: update_profile
[2026-10-02 06:09:52] User: diana | Action: update_profile
[2026-10-07 09:31:52] User: francesca | Action: password_changed
[2026-10-07 02:24:52] User: julie | Action: failed_login
[2026-10-03 18:14:52] User: willow | Action: deleted_database
[2026-10-08 03:58:52] User: margaret | Action: deleted_database
[2026-10-06 05:04:52] User: julie | Action: downloaded_confidential_file
[2026-10-05 07:03:52] User: matilda | Action: deleted_database
[2026-10-07 14:15:52] User: felix | Action: password_changed
[2026-10-05 04:59:52] User: jennie | Action: logged_out
[2026-10-04 23:06:52] User: diana | Action: password_changed
[2026-10-07 09:52:52] User: margaret | Action: logged_in
[2026-10-05 21:44:52] User: jungkook | Action: failed_login
[2026-10-03 09:49:52] User: william | Action: update_profile
[2026-10-02 03:55:52] User: jackson | Action: update_profile
[2026-10-08 16:40:52] User: elisabetta | Action: logged_in
[2026-10-06 11:34:52] User: alex | Action: logged_out
[2026-10-02 14:09:52] User: jisoo | Action: accessed_shared_drive
[2026-10-02 19:44:52] User: karina | Action: failed_login
[2026-10-04 08:45:52] User: jackson | Action: accessed_shared_drive
[2026-10-04 18:33:52] User: jin | Action: logged_out
[2026-10-04 18:17:52] User: emily | Action: update_profile
[2026-10-03 01:16:52] User: jisoo | Action: update_profile
[2026-10-03 16:25:52] User: diana | Action: logged_in
[2026-10-02 15:53:52] User: francesca | Action: password_changed
[2026-10-08 01:21:52] User: jisoo | Action: logged_in
[2026-10-03 14:45:52] User: margaret | Action: update_profile
[2026-10-08 09:16:52] User: matilda | Action: deleted_database
[2026-10-06 11:21:52] User: yoonki | Action: logged_out
[2026-10-03 17:07:52] User: jane | Action: accessed_shared_drive
[2026-10-08 14:36:52] User: karina | Action: update_profile
[2026-10-02 18:12:52] User: jisoo | Action: deleted_database
[2026-10-05 15:27:52] User: yoonki | Action: logged_out
[2026-10-05 13:14:52] User: willow | Action: logged_out
[2026-10-02 08:55:52] User: lily | Action: downloaded_confidential_file
[2026-10-05 19:42:52] User: suspect66 | Action: logged_in
[2026-10-04 16:36:52] User: nicole | Action: accessed_shared_drive
[2026-10-04 12:24:52] User: suspect66 | Action: update_profile
[2026-10-07 00:17:52] User: kevin | Action: update_profile
[2026-10-03 20:42:52] User: chloe | Action: logged_out
[2026-10-02 14:25:52] User: francesca | Action: downloaded_confidential_file
[2026-10-06 03:56:52] User: julie | Action: accessed_shared_drive
[2026-10-08 05:05:52] User: willow | Action: password_changed
[2026-10-03 19:58:52] User: felix | Action: failed_login
[2026-10-03 22:47:52] User: alex | Action: deleted_database
[2026-10-03 14:10:52] User: francesca | Action: password_changed
[2026-10-06 23:56:52] User: willow | Action: accessed_shared_drive
[2026-10-02 03:31:52] User: margaret | Action: logged_in
[2026-10-02 17:51:52] User: margaret | Action: deleted_database
[2026-10-05 14:58:52] User: jin | Action: logged_in
[2026-10-03 21:15:52] User: luca | Action: deleted_database
[2026-10-06 11:57:52] User: jungkook | Action: downloaded_confidential_file
[2026-10-07 01:24:52] User: elisabetta | Action: accessed_shared_drive
[2026-10-03 18:20:52] User: lisa | Action: failed_login
[2026-10-07 13:26:52] User: matilda | Action: logged_out
[2026-10-05 12:35:52] User: julie | Action: password_changed
[2026-10-03 07:24:52] User: jungkook | Action: read_email
[2026-10-03 11:28:52] User: felix | Action: password_changed
[2026-10-05 06:45:52] User: james | Action: failed_login
[2026-10-03 03:08:52] User: jisoo | Action: password_changed
[2026-10-05 15:12:52] User: sarah | Action: deleted_database
[2026-10-06 19:34:52] User: jin | Action: logged_out
[2026-10-04 11:44:52] User: henry | Action: password_changed
[2026-10-05 05:26:52] User: william | Action: logged_out
[2026-10-02 07:37:52] User: lily | Action: logged_out
[2026-10-06 18:51:52] User: lisa | Action: downloaded_confidential_file
[2026-10-07 22:36:52] User: jackson | Action: password_changed
[2026-10-06 01:19:52] User: julie | Action: downloaded_confidential_file
[2026-10-06 22:52:52] User: julie | Action: failed_login
[2026-10-02 05:07:52] User: kevin | Action: update_profile
[2026-10-08 01:53:52] User: emily | Action: password_changed
[2026-10-04 18:52:52] User: rebecca | Action: password_changed
[2026-10-05 13:52:52] User: jane | Action: read_email
[2026-10-07 04:04:52] User: jennie | Action: logged_in
[2026-10-08 15:37:52] User: jin | Action: deleted_database
[2026-10-04 01:37:52] User: julie | Action: deleted_database
[2026-10-08 02:53:52] User: jane | Action: downloaded_confidential_file
[2026-10-04 21:55:52] User: sarah | Action: update_profile
[2026-10-07 03:03:52] User: laura | Action: deleted_database
[2026-10-05 04:09:52] User: francesca | Action: logged_out
[2026-10-08 04:02:52] User: chloe | Action: password_changed
[2026-10-02 14:14:52] User: matilda | Action: accessed_shared_drive
[2026-10-05 07:25:52] User: lily | Action: update_profile
[2026-10-03 06:02:52] User: karina | Action: logged_in
[2026-10-06 02:32:52] User: jisoo | Action: logged_in
[2026-10-05 19:56:52] User: jennie | Action: update_profile
[2026-10-06 16:54:52] User: jackson | Action: accessed_shared_drive
[2026-10-03 09:24:52] User: alex | Action: downloaded_confidential_file
[2026-10-04 14:07:52] User: jimin | Action: logged_out
[2026-10-02 00:33:52] User: jin | Action: password_changed
[2026-10-04 02:47:52] User: jane | Action: accessed_shared_drive
[2026-10-02 16:50:52] User: rebecca | Action: downloaded_confidential_file
[2026-10-04 20:07:52] User: antonio | Action: logged_out
[2026-10-06 15:27:52] User: sarah | Action: update_profile
[2026-10-03 07:41:52] User: nicole | Action: update_profile
[2026-10-03 23:19:52] User: margaret | Action: accessed_shared_drive
[2026-10-05 22:51:52] User: jimin | Action: accessed_shared_drive
[2026-10-04 01:34:52] User: jennie | Action: deleted_database
[2026-10-05 21:17:52] User: felix | Action: downloaded_confidential_file
[2026-10-08 14:33:52] User: jungkook | Action: logged_in
[2026-10-03 02:50:52] User: namjoon | Action: password_changed
[2026-10-02 02:17:52] User: jimin | Action: password_changed
[2026-10-04 02:53:52] User: james | Action: downloaded_confidential_file
[2026-10-05 07:51:52] User: karina | Action: read_email
[2026-10-06 09:30:52] User: jin | Action: accessed_shared_drive
[2026-10-02 22:07:52] User: william | Action: failed_login
[2026-10-04 14:16:52] User: willow | Action: password_changed
[2026-10-02 06:51:52] User: yoonki | Action: downloaded_confidential_file
[2026-10-04 07:13:52] User: elisabetta | Action: read_email
[2026-10-02 09:07:52] User: jisoo | Action: read_email
[2026-10-04 05:53:52] User: jisoo | Action: logged_out
[2026-10-08 10:29:52] User: luca | Action: update_profile
[2026-10-05 13:18:52] User: chloe | Action: downloaded_confidential_file
[2026-10-07 20:05:52] User: diana | Action: password_changed
[2026-10-02 23:55:52] User: lisa | Action: logged_out
[2026-10-07 12:00:52] User: sarah | Action: failed_login
[2026-10-03 19:27:52] User: francesca | Action: failed_login
[2026-10-02 06:35:52] User: jackson | Action: read_email
[2026-10-02 10:06:52] User: margaret | Action: password_changed
[2026-10-03 06:21:52] User: chloe | Action: deleted_database
[2026-10-06 08:18:52] User: julie | Action: read_email
[2026-10-04 10:51:52] User: elisabetta | Action: password_changed
[2026-10-06 06:15:52] User: antonio | Action: update_profile
[2026-10-06 04:22:52] User: thomas | Action: read_email
[2026-10-04 03:41:52] User: rebecca | Action: password_changed
[2026-10-08 17:31:52] User: chloe | Action: downloaded_confidential_file
[2026-10-06 08:00:52] User: jane | Action: password_changed
[2026-10-02 01:49:52] User: karina | Action: logged_in
[2026-10-03 01:24:52] User: namjoon | Action: failed_login
[2026-10-07 11:47:52] User: laura | Action: logged_out
[2026-10-04 15:13:52] User: emily | Action: password_changed
[2026-10-05 04:43:52] User: margaret | Action: deleted_database
[2026-10-07 20:04:52] User: karina | Action: deleted_database
[2026-10-07 06:46:52] User: james | Action: password_changed
[2026-10-08 07:23:52] User: jane | Action: downloaded_confidential_file
[2026-10-07 19:29:52] User: jisoo | Action: logged_in
[2026-10-02 15:17:52] User: jisoo | Action: failed_login
[2026-10-04 17:25:52] User: sarah | Action: failed_login
[2026-10-02 08:19:52] User: jennie | Action: failed_login
[2026-10-02 03:57:52] User: francesca | Action: logged_out
[2026-10-05 07:29:52] User: matilda | Action: password_changed
[2026-10-06 19:39:52] User: willow | Action: logged_out
[2026-10-05 04:36:52] User: jane | Action: password_changed
[2026-10-04 23:01:52] User: namjoon | Action: downloaded_confidential_file
[2026-10-04 20:00:52] User: thomas | Action: deleted_database
[2026-10-06 09:29:52] User: matilda | Action: logged_out
[2026-10-08 22:37:52] User: jane | Action: accessed_shared_drive
[2026-10-06 09:00:52] User: rebecca | Action: logged_in
[2026-10-02 20:29:52] User: nicole | Action: read_email
[2026-10-08 02:22:52] User: julie | Action: logged_in
[2026-10-04 02:54:52] User: jin | Action: password_changed
[2026-10-08 01:37:52] User: lisa | Action: logged_in
[2026-10-02 19:47:52] User: matilda | Action: downloaded_confidential_file
[2026-10-05 00:28:52] User: jin | Action: update_profile
[2026-10-03 16:12:52] User: jennie | Action: update_profile
[2026-10-05 17:06:52] User: lily | Action: read_email
[2026-10-02 10:39:52] User: james | Action: password_changed
[2026-10-08 08:37:52] User: felix | Action: read_email
[2026-10-07 19:46:52] User: margaret | Action: update_profile
[2026-10-07 22:47:52] User: antonio | Action: deleted_database
[2026-10-05 04:43:52] User: antonio | Action: accessed_shared_drive
[2026-10-07 11:54:52] User: yoonki | Action: failed_login
[2026-10-06 12:52:52] User: kevin | Action: failed_login
[2026-10-05 04:38:52] User: jin | Action: accessed_shared_drive
[2026-10-08 19:06:52] User: suspect66 | Action: logged_in
[2026-10-06 07:57:52] User: antonio | Action: downloaded_confidential_file
[2026-10-06 07:18:52] User: margaret | Action: logged_in
[2026-10-03 01:34:52] User: jungkook | Action: logged_out
[2026-10-06 05:52:52] User: julie | Action: logged_out
[2026-10-07 13:39:52] User: chloe | Action: password_changed
[2026-10-02 04:33:52] User: thomas | Action: update_profile
[2026-10-07 02:40:52] User: laura | Action: update_profile
[2026-10-08 00:17:52] User: jimin | Action: logged_out
[2026-10-06 07:47:52] User: sarah | Action: logged_in
[2026-10-02 05:54:52] User: thomas | Action: accessed_shared_drive
[2026-10-05 02:17:52] User: jennie | Action: accessed_shared_drive
[2026-10-07 22:30:52] User: thomas | Action: logged_out
[2026-10-04 15:34:52] User: diana | Action: failed_login
[2026-10-06 18:23:52] User: diana | Action: logged_out
[2026-10-07 11:35:52] User: rebecca | Action: logged_in
[2026-10-02 01:50:52] User: antonio | Action: failed_login
[2026-10-07 23:45:52] User: laura | Action: accessed_shared_drive
[2026-10-08 09:06:52] User: luca | Action: accessed_shared_drive
[2026-10-03 03:59:52] User: jisoo | Action: deleted_database
[2026-10-06 08:47:52] User: namjoon | Action: failed_login
[2026-10-04 03:46:52] User: julie | Action: read_email
[2026-10-06 07:47:52] User: lisa | Action: logged_out
[2026-10-03 22:49:52] User: emily | Action: logged_out
[2026-10-04 02:49:52] User: sarah | Action: logged_out
[2026-10-05 11:51:52] User: henry | Action: logged_out
[2026-10-05 06:24:52] User: alex | Action: read_email
[2026-10-07 12:28:52] User: rebecca | Action: update_profile
[2026-10-07 15:01:52] User: alex | Action: logged_in
[2026-10-07 11:03:52] User: suspect66 | Action: failed_login
[2026-10-08 13:30:52] User: francesca | Action: update_profile
[2026-10-06 21:08:52] User: jisoo | Action: update_profile
[2026-10-07 03:48:52] User: james | Action: accessed_shared_drive
[2026-10-05 03:03:52] User: diana | Action: password_changed
[2026-10-03 10:19:52] User: luca | Action: read_email
[2026-10-05 11:38:52] User: sarah | Action: password_changed
[2026-10-08 22:16:52] User: karina | Action: failed_login
[2026-10-02 08:34:52] User: kevin | Action: read_email
[2026-10-03 01:14:52] User: luca | Action: read_email
[2026-10-04 06:25:52] User: antonio | Action: logged_in
[2026-10-07 02:40:52] User: jungkook | Action: read_email
[2026-10-07 12:45:52] User: jackson | Action: accessed_shared_drive
[2026-10-04 22:11:52] User: jane | Action: logged_in
[2026-10-08 09:05:52] User: lily | Action: read_email
[2026-10-05 08:52:52] User: emily | Action: failed_login
[2026-10-08 21:34:52] User: karina | Action: accessed_shared_drive
[2026-10-07 16:48:52] User: namjoon | Action: logged_in
[2026-10-07 19:27:52] User: yoonki | Action: logged_in
[2026-10-02 10:07:52] User: francesca | Action: accessed_shared_drive
[2026-10-05 12:11:52] User: nicole | Action: failed_login
[2026-10-08 12:40:52] User: thomas | Action: password_changed
[2026-10-08 16:11:52] User: jane | Action: read_email
[2026-10-08 01:35:52] User: nicole | Action: update_profile
[2026-10-02 14:25:52] User: emily | Action: failed_login
[2026-10-03 22:03:52] User: jennie | Action: password_changed
[2026-10-04 09:33:52] User: jisoo | Action: failed_login
[2026-10-06 12:42:52] User: matilda | Action: failed_login
[2026-10-06 01:34:52] User: jungkook | Action: logged_out
[2026-10-07 05:23:52] User: yoonki | Action: password_changed
[2026-10-02 00:37:52] User: jungkook | Action: update_profile
[2026-10-07 00:08:52] User: suspect66 | Action: password_changed
[2026-10-04 12:03:52] User: thomas | Action: failed_login
[2026-10-03 04:36:52] User: lisa | Action: password_changed
[2026-10-05 06:15:52] User: henry | Action: read_email
[2026-10-06 08:59:52] User: james | Action: update_profile
[2026-10-07 17:51:52] User: alex | Action: failed_login
[2026-10-08 07:15:52] User: rebecca | Action: accessed_shared_drive
[2026-10-04 08:51:52] User: nicole | Action: read_email
[2026-10-08 22:07:52] User: margaret | Action: password_changed
[2026-10-06 03:13:52] User: thomas | Action: accessed_shared_drive
[2026-10-06 20:07:52] User: jisoo | Action: accessed_shared_drive
[2026-10-02 18:18:52] User: lisa | Action: password_changed
[2026-10-04 03:14:52] User: laura | Action: logged_in
[2026-10-06 21:18:52] User: diana | Action: logged_out
[2026-10-05 18:23:52] User: chloe | Action: logged_out
[2026-10-04 15:07:52] User: james | Action: update_profile
[2026-10-04 10:50:52] User: nicole | Action: logged_in
[2026-10-06 09:07:52] User: yoonki | Action: downloaded_confidential_file
[2026-10-05 02:12:52] User: jisoo | Action: logged_in
[2026-10-04 07:43:52] User: elisabetta | Action: logged_out
[2026-10-02 06:13:52] User: karina | Action: read_email
[2026-10-02 03:01:52] User: jin | Action: logged_in
[2026-10-06 16:23:52] User: jimin | Action: downloaded_confidential_file
[2026-10-03 04:35:52] User: lisa | Action: read_email
[2026-10-03 01:39:52] User: karina | Action: update_profile
[2026-10-07 04:42:52] User: william | Action: read_email
[2026-10-06 21:36:52] User: laura | Action: logged_in
[2026-10-07 18:46:52] User: william | Action: deleted_database
[2026-10-05 08:23:52] User: chloe | Action: logged_in
[2026-10-06 23:15:52] User: william | Action: logged_in
[2026-10-06 11:50:52] User: yoonki | Action: deleted_database
[2026-10-08 04:53:52] User: thomas | Action: logged_out
[2026-10-03 22:39:52] User: suspect66 | Action: failed_login
[2026-10-03 10:47:52] User: willow | Action: accessed_shared_drive
[2026-10-02 01:16:52] User: antonio | Action: accessed_shared_drive
[2026-10-04 05:35:52] User: jungkook | Action: downloaded_confidential_file
[2026-10-03 13:21:52] User: jin | Action: logged_in
[2026-10-07 01:05:52] User: sarah | Action: password_changed
[2026-10-04 15:54:52] User: felix | Action: update_profile
[2026-10-07 09:01:52] User: jimin | Action: accessed_shared_drive
[2026-10-06 00:44:52] User: kevin | Action: update_profile
[2026-10-08 19:21:52] User: lily | Action: failed_login
[2026-10-04 11:27:52] User: antonio | Action: deleted_database
[2026-10-06 05:22:52] User: nicole | Action: read_email
[2026-10-07 06:34:52] User: yoonki | Action: logged_out
[2026-10-05 09:15:52] User: sarah | Action: update_profile
[2026-10-07 23:42:52] User: emily | Action: downloaded_confidential_file
[2026-10-05 20:26:52] User: margaret | Action: logged_out
[2026-10-02 18:04:52] User: jennie | Action: downloaded_confidential_file
[2026-10-07 06:29:52] User: kevin | Action: update_profile
[2026-10-02 05:51:52] User: rebecca | Action: failed_login
[2026-10-07 15:20:52] User: nicole | Action: logged_out
[2026-10-07 16:47:52] User: laura | Action: downloaded_confidential_file
[2026-10-05 05:47:52] User: william | Action: downloaded_confidential_file
[2026-10-04 14:27:52] User: alex | Action: failed_login
[2026-10-02 02:11:52] User: james | Action: deleted_database
[2026-10-06 01:45:52] User: lisa | Action: accessed_shared_drive
[2026-10-02 21:10:52] User: jackson | Action: failed_login
[2026-10-02 21:49:52] User: luca | Action: failed_login
[2026-10-07 11:07:52] User: lisa | Action: read_email
[2026-10-04 02:11:52] User: karina | Action: deleted_database
[2026-10-03 09:13:52] User: karina | Action: read_email
[2026-10-02 23:41:52] User: kevin | Action: deleted_database
[2026-10-02 11:52:52] User: jennie | Action: logged_out
[2026-10-06 09:16:52] User: namjoon | Action: update_profile
[2026-10-08 00:47:52] User: julie | Action: failed_login
[2026-10-08 09:48:52] User: luca | Action: logged_in
[2026-10-08 20:29:52] User: james | Action: failed_login
[2026-10-04 12:12:52] User: julie | Action: logged_in
[2026-10-03 02:46:52] User: jungkook | Action: logged_out
[2026-10-04 07:33:52] User: luca | Action: password_changed
[2026-10-03 23:35:52] User: chloe | Action: update_profile
[2026-10-05 05:43:52] User: julie | Action: deleted_database
[2026-10-06 16:15:52] User: antonio | Action: logged_out
[2026-10-07 08:59:52] User: diana | Action: update_profile
[2026-10-08 07:25:52] User: karina | Action: failed_login
[2026-10-03 08:39:52] User: emily | Action: password_changed
[2026-10-02 14:13:52] User: sarah | Action: downloaded_confidential_file
[2026-10-03 16:40:52] User: emily | Action: logged_out
[2026-10-02 11:44:52] User: diana | Action: logged_in
[2026-10-02 12:45:52] User: antonio | Action: password_changed
[2026-10-07 03:52:52] User: willow | Action: accessed_shared_drive
[2026-10-05 08:54:52] User: jin | Action: update_profile
[2026-10-02 14:29:52] User: jackson | Action: accessed_shared_drive
[2026-10-02 06:29:52] User: julie | Action: accessed_shared_drive
[2026-10-02 16:33:52] User: matilda | Action: password_changed
[2026-10-04 00:00:52] User: jimin | Action: deleted_database
[2026-10-05 08:46:52] User: namjoon | Action: deleted_database
[2026-10-04 03:11:52] User: diana | Action: failed_login
[2026-10-08 03:20:52] User: namjoon | Action: logged_out
[2026-10-03 11:44:52] User: willow | Action: read_email
[2026-10-04 01:57:52] User: alex | Action: logged_in
[2026-10-06 02:28:52] User: lisa | Action: update_profile
[2026-10-03 04:00:52] User: jennie | Action: deleted_database
[2026-10-05 02:04:52] User: margaret | Action: logged_in
[2026-10-07 17:36:52] User: felix | Action: deleted_database
[2026-10-05 11:44:52] User: jane | Action: logged_in
[2026-10-05 09:44:52] User: laura | Action: logged_out
[2026-10-02 12:18:52] User: james | Action: failed_login
[2026-10-08 15:00:52] User: sarah | Action: deleted_database
[2026-10-02 14:30:52] User: alex | Action: accessed_shared_drive
[2026-10-04 21:20:52] User: elisabetta | Action: accessed_shared_drive
[2026-10-04 06:44:52] User: jisoo | Action: logged_out
[2026-10-08 16:00:52] User: jisoo | Action: failed_login
[2026-10-07 21:18:52] User: antonio | Action: logged_out
[2026-10-08 11:37:52] User: henry | Action: downloaded_confidential_file
[2026-10-06 06:29:52] User: felix | Action: failed_login
[2026-10-07 19:57:52] User: elisabetta | Action: password_changed
[2026-10-07 05:00:52] User: henry | Action: update_profile
[2026-10-03 17:05:52] User: elisabetta | Action: read_email
[2026-10-02 05:52:52] User: henry | Action: password_changed
[2026-10-06 23:54:52] User: jane | Action: deleted_database
[2026-10-07 02:30:52] User: jackson | Action: deleted_database
[2026-10-06 15:25:52] User: antonio | Action: failed_login
[2026-10-06 19:33:52] User: kevin | Action: logged_out
[2026-10-02 04:27:52] User: margaret | Action: logged_in
[2026-10-03 10:08:52] User: margaret | Action: downloaded_confidential_file
[2026-10-04 08:51:52] User: jimin | Action: logged_in
[2026-10-04 01:32:52] User: james | Action: password_changed
[2026-10-06 00:25:52] User: rebecca | Action: password_changed
[2026-10-08 14:49:52] User: alex | Action: read_email
[2026-10-03 17:06:52] User: kevin | Action: password_changed
[2026-10-04 07:17:52] User: kevin | Action: update_profile
[2026-10-04 11:35:52] User: sarah | Action: deleted_database
[2026-10-05 15:53:52] User: yoonki | Action: deleted_database
[2026-10-04 00:12:52] User: kevin | Action: password_changed
[2026-10-06 07:11:52] User: jackson | Action: logged_in
[2026-10-07 06:09:52] User: thomas | Action: downloaded_confidential_file
[2026-10-04 17:21:52] User: jane | Action: logged_in
[2026-10-04 19:22:52] User: antonio | Action: downloaded_confidential_file
[2026-10-03 00:10:52] User: francesca | Action: downloaded_confidential_file
[2026-10-07 15:36:52] User: sarah | Action: failed_login
[2026-10-02 03:57:52] User: thomas | Action: deleted_database
[2026-10-02 14:23:52] User: kevin | Action: update_profile
[2026-10-07 04:39:52] User: julie | Action: failed_login
[2026-10-02 11:34:52] User: henry | Action: accessed_shared_drive
[2026-10-04 11:19:52] User: margaret | Action: logged_out
[2026-10-04 01:08:52] User: francesca | Action: logged_in
[2026-10-07 01:53:52] User: antonio | Action: accessed_shared_drive
[2026-10-08 12:52:52] User: lily | Action: read_email
[2026-10-04 11:11:52] User: james | Action: downloaded_confidential_file
[2026-10-08 18:43:52] User: laura | Action: update_profile
[2026-10-04 13:40:52] User: james | Action: accessed_shared_drive
[2026-10-03 18:36:52] User: yoonki | Action: accessed_shared_drive
[2026-10-03 10:01:52] User: lisa | Action: read_email
[2026-10-02 16:05:52] User: lisa | Action: read_email
[2026-10-03 14:12:52] User: nicole | Action: accessed_shared_drive
[2026-10-05 13:28:52] User: lily | Action: password_changed
[2026-10-08 15:15:52] User: william | Action: update_profile
[2026-10-02 17:56:52] User: julie | Action: downloaded_confidential_file
[2026-10-08 18:52:52] User: julie | Action: accessed_shared_drive
[2026-10-02 02:18:52] User: luca | Action: update_profile
[2026-10-07 20:35:52] User: alex | Action: update_profile
[2026-10-06 11:12:52] User: yoonki | Action: failed_login
[2026-10-07 19:32:52] User: antonio | Action: password_changed
[2026-10-08 10:47:52] User: suspect66 | Action: password_changed
[2026-10-08 20:52:52] User: james | Action: read_email
[2026-10-05 07:48:52] User: karina | Action: update_profile
[2026-10-06 15:35:52] User: sarah | Action: logged_in
[2026-10-05 23:53:52] User: diana | Action: failed_login
[2026-10-08 02:01:52] User: margaret | Action: logged_out
[2026-10-05 10:43:52] User: francesca | Action: password_changed
[2026-10-03 01:19:52] User: karina | Action: password_changed
[2026-10-08 11:53:52] User: chloe | Action: logged_in
[2026-10-02 07:57:52] User: alex | Action: password_changed
[2026-10-08 10:06:52] User: chloe | Action: failed_login
[2026-10-08 15:33:52] User: willow | Action: read_email
[2026-10-03 15:03:52] User: henry | Action: failed_login
[2026-10-04 11:34:52] User: jennie | Action: logged_in
[2026-10-07 23:49:52] User: felix | Action: update_profile
[2026-10-08 13:32:52] User: luca | Action: password_changed
[2026-10-05 08:47:52] User: kevin | Action: downloaded_confidential_file
[2026-10-04 08:11:52] User: julie | Action: logged_out
[2026-10-06 10:54:52] User: sarah | Action: logged_out
[2026-10-02 10:19:52] User: jin | Action: failed_login
[2026-10-02 09:47:52] User: alex | Action: logged_in
[2026-10-07 18:06:52] User: laura | Action: accessed_shared_drive
[2026-10-02 17:55:52] User: namjoon | Action: deleted_database
[2026-10-07 23:54:52] User: jin | Action: accessed_shared_drive
[2026-10-05 21:44:52] User: antonio | Action: deleted_database
[2026-10-06 19:20:52] User: jimin | Action: deleted_database
[2026-10-06 17:30:52] User: yoonki | Action: accessed_shared_drive
[2026-10-07 03:04:52] User: sarah | Action: logged_out
[2026-10-05 22:13:52] User: kevin | Action: downloaded_confidential_file
[2026-10-04 12:22:52] User: james | Action: logged_in
[2026-10-08 17:44:52] User: lisa | Action: read_email
[2026-10-06 04:34:52] User: namjoon | Action: read_email
[2026-10-08 03:06:52] User: diana | Action: logged_out
[2026-10-06 09:59:52] User: alex | Action: downloaded_confidential_file
[2026-10-03 18:31:52] User: diana | Action: downloaded_confidential_file
[2026-10-08 22:21:52] User: jackson | Action: read_email
[2026-10-02 16:54:52] User: yoonki | Action: update_profile
[2026-10-05 08:43:52] User: jackson | Action: update_profile
[2026-10-03 20:27:52] User: jennie | Action: logged_in
[2026-10-04 10:55:52] User: rebecca | Action: read_email
[2026-10-02 18:53:52] User: kevin | Action: failed_login
[2026-10-07 14:02:52] User: emily | Action: accessed_shared_drive
[2026-10-04 05:07:52] User: jungkook | Action: read_email
[2026-10-04 15:59:52] User: francesca | Action: update_profile
[2026-10-03 23:34:52] User: jimin | Action: read_email
[2026-10-06 14:22:52] User: karina | Action: logged_in
[2026-10-04 13:18:52] User: lily | Action: password_changed
[2026-10-03 03:26:52] User: emily | Action: downloaded_confidential_file
[2026-10-08 13:09:52] User: kevin | Action: accessed_shared_drive
[2026-10-03 06:19:52] User: laura | Action: failed_login
[2026-10-04 16:30:52] User: luca | Action: failed_login
[2026-10-08 01:26:52] User: laura | Action: failed_login
[2026-10-05 01:19:52] User: jisoo | Action: logged_in
[2026-10-04 21:58:52] User: kevin | Action: failed_login
[2026-10-07 13:20:52] User: margaret | Action: password_changed
[2026-10-03 15:56:52] User: antonio | Action: logged_in
[2026-10-03 14:00:52] User: alex | Action: password_changed
[2026-10-07 07:52:52] User: kevin | Action: logged_out
[2026-10-03 20:22:52] User: alex | Action: update_profile
[2026-10-02 10:05:52] User: matilda | Action: logged_in
[2026-10-06 10:45:52] User: lily | Action: update_profile
[2026-10-06 07:39:52] User: karina | Action: deleted_database
[2026-10-02 23:00:52] User: jennie | Action: failed_login
[2026-10-07 15:27:52] User: francesca | Action: update_profile
[2026-10-07 09:35:52] User: henry | Action: logged_in
[2026-10-03 15:58:52] User: kevin | Action: downloaded_confidential_file
[2026-10-03 16:12:52] User: lisa | Action: logged_in
[2026-10-02 22:58:52] User: suspect66 | Action: accessed_shared_drive
[2026-10-05 18:45:52] User: james | Action: accessed_shared_drive
[2026-10-05 18:44:52] User: suspect66 | Action: accessed_shared_drive
[2026-10-04 20:09:52] User: karina | Action: failed_login
[2026-10-06 22:32:52] User: suspect66 | Action: logged_out
[2026-10-08 06:32:52] User: jisoo | Action: deleted_database
[2026-10-08 08:38:52] User: jane | Action: deleted_database
[2026-10-06 09:53:52] User: karina | Action: logged_in
[2026-10-05 02:09:52] User: willow | Action: downloaded_confidential_file
[2026-10-06 05:37:52] User: namjoon | Action: downloaded_confidential_file
[2026-10-05 12:01:52] User: felix | Action: accessed_shared_drive
[2026-10-02 17:46:52] User: lisa | Action: accessed_shared_drive
[2026-10-06 05:55:52] User: felix | Action: logged_out
[2026-10-03 12:57:52] User: willow | Action: accessed_shared_drive
[2026-10-04 00:03:52] User: jennie | Action: logged_in
[2026-10-07 22:51:52] User: diana | Action: failed_login
[2026-10-03 06:48:52] User: nicole | Action: logged_in
[2026-10-05 05:14:52] User: francesca | Action: read_email
[2026-10-02 18:04:52] User: margaret | Action: logged_out
[2026-10-08 16:08:52] User: james | Action: failed_login
[2026-10-08 17:03:52] User: chloe | Action: password_changed
[2026-10-08 05:05:52] User: willow | Action: read_email
[2026-10-03 12:38:52] User: james | Action: update_profile
[2026-10-02 14:52:52] User: felix | Action: failed_login
[2026-10-04 15:24:52] User: namjoon | Action: read_email
[2026-10-03 20:28:52] User: jane | Action: failed_login
[2026-10-05 09:22:52] User: rebecca | Action: update_profile
[2026-10-02 13:25:52] User: jennie | Action: failed_login
[2026-10-06 05:44:52] User: laura | Action: deleted_database
[2026-10-05 06:52:52] User: lily | Action: failed_login
[2026-10-08 01:37:52] User: emily | Action: downloaded_confidential_file
[2026-10-08 11:23:52] User: jane | Action: password_changed
[2026-10-05 05:13:52] User: namjoon | Action: deleted_database
[2026-10-03 08:46:52] User: sarah | Action: update_profile
[2026-10-03 17:18:52] User: namjoon | Action: accessed_shared_drive
[2026-10-02 04:09:52] User: thomas | Action: downloaded_confidential_file
[2026-10-06 16:46:52] User: jimin | Action: password_changed
[2026-10-07 03:13:52] User: jackson | Action: logged_out
[2026-10-06 12:50:52] User: felix | Action: downloaded_confidential_file
[2026-10-06 13:15:52] User: thomas | Action: downloaded_confidential_file
[2026-10-04 19:54:52] User: willow | Action: read_email
[2026-10-05 17:50:52] User: diana | Action: update_profile
[2026-10-05 17:03:52] User: jennie | Action: accessed_shared_drive
[2026-10-05 02:17:52] User: jackson | Action: logged_out
[2026-10-03 05:06:52] User: lily | Action: read_email
[2026-10-07 06:34:52] User: suspect66 | Action: downloaded_confidential_file
[2026-10-08 14:46:52] User: elisabetta | Action: failed_login
[2026-10-05 08:34:52] User: diana | Action: read_email
[2026-10-02 19:10:52] User: suspect66 | Action: downloaded_confidential_file
[2026-10-08 07:50:52] User: emily | Action: read_email
[2026-10-05 06:53:52] User: jungkook | Action: password_changed
[2026-10-03 02:43:52] User: lisa | Action: downloaded_confidential_file
[2026-10-07 02:55:52] User: henry | Action: password_changed
[2026-10-02 12:51:52] User: thomas | Action: failed_login
[2026-10-03 09:25:52] User: kevin | Action: password_changed
[2026-10-02 14:32:52] User: sarah | Action: password_changed
[2026-10-03 01:14:52] User: margaret | Action: accessed_shared_drive
[2026-10-08 14:50:52] User: margaret | Action: password_changed
[2026-10-07 15:31:52] User: alex | Action: failed_login
[2026-10-05 17:19:52] User: jackson | Action: logged_in
[2026-10-02 02:45:52] User: jin | Action: downloaded_confidential_file
[2026-10-02 01:26:52] User: matilda | Action: update_profile
[2026-10-06 20:13:52] User: jungkook | Action: logged_in
[2026-10-05 08:37:52] User: luca | Action: read_email
[2026-10-02 08:19:52] User: chloe | Action: update_profile
[2026-10-07 03:52:52] User: julie | Action: password_changed
[2026-10-04 02:30:52] User: thomas | Action: read_email
[2026-10-03 19:42:52] User: william | Action: accessed_shared_drive
[2026-10-05 11:47:52] User: willow | Action: read_email
[2026-10-07 22:38:52] User: henry | Action: accessed_shared_drive
[2026-10-07 11:53:52] User: lily | Action: logged_out
[2026-10-06 01:15:52] User: suspect66 | Action: read_email
[2026-10-04 01:26:52] User: elisabetta | Action: read_email
[2026-10-04 10:28:52] User: sarah | Action: logged_out
[2026-10-07 01:57:52] User: karina | Action: failed_login
[2026-10-08 10:29:52] User: luca | Action: logged_in
[2026-10-05 21:00:52] User: kevin | Action: password_changed
[2026-10-07 22:24:52] User: jin | Action: downloaded_confidential_file
[2026-10-05 16:08:52] User: jane | Action: failed_login
[2026-10-08 09:38:52] User: lisa | Action: deleted_database
[2026-10-08 11:02:52] User: jane | Action: deleted_database
[2026-10-06 10:00:52] User: laura | Action: update_profile
[2026-10-04 10:55:52] User: elisabetta | Action: logged_in
[2026-10-08 14:14:52] User: jackson | Action: read_email
[2026-10-02 07:52:52] User: jungkook | Action: update_profile
[2026-10-08 11:00:52] User: jackson | Action: deleted_database
[2026-10-04 22:41:52] User: namjoon | Action: failed_login
[2026-10-07 18:40:52] User: laura | Action: downloaded_confidential_file
[2026-10-05 12:36:52] User: nicole | Action: failed_login
[2026-10-08 15:02:52] User: luca | Action: logged_out
[2026-10-05 04:04:52] User: jackson | Action: downloaded_confidential_file
[2026-10-04 00:46:52] User: suspect66 | Action: password_changed
[2026-10-03 05:25:52] User: diana | Action: password_changed
[2026-10-04 16:44:52] User: julie | Action: password_changed
[2026-10-07 13:23:52] User: jane | Action: password_changed
[2026-10-06 15:11:52] User: margaret | Action: failed_login
[2026-10-07 06:08:52] User: james | Action: update_profile
[2026-10-05 15:03:52] User: jungkook | Action: accessed_shared_drive
[2026-10-05 05:02:52] User: laura | Action: read_email
[2026-10-03 15:22:52] User: thomas | Action: logged_in
[2026-10-06 14:42:52] User: william | Action: accessed_shared_drive
[2026-10-02 01:47:52] User: lisa | Action: failed_login
[2026-10-04 12:01:52] User: sarah | Action: password_changed
[2026-10-08 13:26:52] User: jungkook | Action: logged_in
[2026-10-08 14:59:52] User: felix | Action: logged_in
[2026-10-08 20:00:52] User: namjoon | Action: failed_login
[2026-10-03 22:01:52] User: kevin | Action: failed_login
[2026-10-06 11:17:52] User: jin | Action: password_changed
[2026-10-04 12:29:52] User: francesca | Action: logged_in
[2026-10-07 18:44:52] User: namjoon | Action: accessed_shared_drive
[2026-10-07 04:10:52] User: lisa | Action: failed_login
[2026-10-07 09:56:52] User: rebecca | Action: password_changed
[2026-10-03 20:07:52] User: kevin | Action: accessed_shared_drive
[2026-10-05 09:20:52] User: rebecca | Action: read_email
[2026-10-02 04:08:52] User: jin | Action: read_email
[2026-10-03 04:09:52] User: james | Action: logged_out
[2026-10-04 06:48:52] User: francesca | Action: deleted_database
[2026-10-08 19:06:52] User: jackson | Action: failed_login
[2026-10-07 10:27:52] User: james | Action: read_email
[2026-10-06 06:24:52] User: kevin | Action: accessed_shared_drive
[2026-10-04 18:34:52] User: chloe | Action: downloaded_confidential_file
[2026-10-07 23:13:52] User: felix | Action: downloaded_confidential_file
[2026-10-03 00:40:52] User: laura | Action: password_changed
[2026-10-05 17:11:52] User: karina | Action: downloaded_confidential_file
[2026-10-05 13:23:52] User: namjoon | Action: failed_login
[2026-10-03 21:25:52] User: henry | Action: read_email
[2026-10-03 06:14:52] User: chloe | Action: password_changed
[2026-10-04 06:33:52] User: felix | Action: deleted_database
[2026-10-08 17:30:52] User: emily | Action: failed_login
[2026-10-02 08:56:52] User: matilda | Action: password_changed
[2026-10-05 20:29:52] User: jennie | Action: logged_out
[2026-10-03 20:04:52] User: antonio | Action: deleted_database
[2026-10-05 15:04:52] User: william | Action: downloaded_confidential_file
[2026-10-03 22:03:52] User: antonio | Action: logged_out
[2026-10-05 09:40:52] User: kevin | Action: accessed_shared_drive
[2026-10-02 19:17:52] User: henry | Action: update_profile
[2026-10-02 23:59:52] User: yoonki | Action: failed_login
[2026-10-02 01:52:52] User: henry | Action: failed_login
[2026-10-02 17:32:52] User: chloe | Action: password_changed
[2026-10-07 14:20:52] User: jane | Action: accessed_shared_drive
[2026-10-07 14:34:52] User: rebecca | Action: accessed_shared_drive
[2026-10-05 20:56:52] User: willow | Action: password_changed
[2026-10-04 04:53:52] User: william | Action: downloaded_confidential_file
[2026-10-05 07:20:52] User: francesca | Action: failed_login
[2026-10-07 07:46:52] User: felix | Action: read_email
[2026-10-03 04:15:52] User: jisoo | Action: deleted_database
[2026-10-06 19:15:52] User: jennie | Action: update_profile
[2026-10-02 16:03:52] User: jennie | Action: password_changed
[2026-10-03 20:47:52] User: willow | Action: read_email
[2026-10-06 10:58:52] User: jungkook | Action: password_changed
[2026-10-02 06:22:52] User: diana | Action: logged_in
[2026-10-06 13:47:52] User: jackson | Action: deleted_database
[2026-10-05 16:12:52] User: yoonki | Action: logged_in
[2026-10-08 05:53:52] User: suspect66 | Action: failed_login
[2026-10-04 11:38:52] User: jisoo | Action: downloaded_confidential_file
[2026-10-08 02:22:52] User: william | Action: deleted_database
[2026-10-06 01:42:52] User: diana | Action: logged_in
[2026-10-03 11:31:52] User: james | Action: accessed_shared_drive
[2026-10-02 01:48:52] User: karina | Action: logged_in
[2026-10-07 02:25:52] User: jisoo | Action: accessed_shared_drive
[2026-10-07 02:00:52] User: diana | Action: read_email
[2026-10-03 11:04:52] User: francesca | Action: failed_login
[2026-10-02 14:34:52] User: lisa | Action: deleted_database
[2026-10-04 16:11:52] User: matilda | Action: logged_in
[2026-10-02 10:11:52] User: elisabetta | Action: read_email
[2026-10-03 12:12:52] User: lisa | Action: accessed_shared_drive
[2026-10-03 16:19:52] User: luca | Action: update_profile
[2026-10-04 21:42:52] User: jackson | Action: logged_out
[2026-10-06 11:14:52] User: luca | Action: deleted_database
[2026-10-07 11:24:52] User: willow | Action: failed_login
[2026-10-08 08:54:52] User: jennie | Action: password_changed
[2026-10-07 00:31:52] User: emily | Action: downloaded_confidential_file
[2026-10-07 14:02:52] User: sarah | Action: logged_out
[2026-10-06 01:27:52] User: matilda | Action: logged_in
[2026-10-08 10:52:52] User: francesca | Action: deleted_database
[2026-10-07 21:08:52] User: suspect66 | Action: logged_in
[2026-10-08 01:32:52] User: margaret | Action: update_profile
[2026-10-03 14:47:52] User: jackson | Action: accessed_shared_drive
[2026-10-03 03:37:52] User: chloe | Action: downloaded_confidential_file
[2026-10-03 12:21:52] User: thomas | Action: logged_in
[2026-10-05 13:07:52] User: laura | Action: deleted_database
[2026-10-05 11:47:52] User: willow | Action: failed_login
[2026-10-08 19:50:52] User: jisoo | Action: password_changed
[2026-10-02 04:09:52] User: kevin | Action: logged_out
[2026-10-07 00:56:52] User: luca | Action: logged_out
[2026-10-03 15:34:52] User: laura | Action: failed_login
[2026-10-08 21:47:52] User: lily | Action: downloaded_confidential_file
[2026-10-03 17:36:52] User: chloe | Action: downloaded_confidential_file
[2026-10-03 12:19:52] User: jimin | Action: deleted_database
[2026-10-03 17:09:52] User: jimin | Action: downloaded_confidential_file
[2026-10-04 03:49:52] User: yoonki | Action: failed_login
[2026-10-03 12:47:52] User: thomas | Action: logged_out
[2026-10-08 21:33:52] User: lily | Action: read_email
[2026-10-05 05:42:52] User: elisabetta | Action: accessed_shared_drive
[2026-10-04 09:44:52] User: suspect66 | Action: deleted_database
[2026-10-05 08:54:52] User: emily | Action: update_profile
[2026-10-06 11:10:52] User: henry | Action: update_profile
[2026-10-07 22:33:52] User: jennie | Action: logged_in
[2026-10-05 11:13:52] User: willow | Action: password_changed
[2026-10-07 07:41:52] User: elisabetta | Action: deleted_database
[2026-10-06 16:01:52] User: francesca | Action: logged_in
[2026-10-07 02:13:52] User: jungkook | Action: logged_out
[2026-10-07 16:58:52] User: emily | Action: accessed_shared_drive
[2026-10-04 03:41:52] User: willow | Action: read_email
[2026-10-08 00:33:52] User: diana | Action: failed_login
[2026-10-08 21:33:52] User: willow | Action: downloaded_confidential_file
[2026-10-02 18:37:52] User: rebecca | Action: accessed_shared_drive
[2026-10-03 03:55:52] User: james | Action: logged_in
[2026-10-03 04:59:52] User: jungkook | Action: accessed_shared_drive
[2026-10-04 21:54:52] User: henry | Action: logged_out
[2026-10-06 23:41:52] User: suspect66 | Action: logged_out
[2026-10-06 09:49:52] User: jane | Action: update_profile
[2026-10-07 04:32:52] User: jane | Action: update_profile
[2026-10-02 14:45:52] User: jisoo | Action: downloaded_confidential_file
[2026-10-08 02:25:52] User: luca | Action: update_profile
[2026-10-08 08:08:52] User: yoonki | Action: downloaded_confidential_file
[2026-10-07 00:37:52] User: matilda | Action: read_email
[2026-10-04 22:03:52] User: julie | Action: logged_out
[2026-10-02 11:34:52] User: rebecca | Action: deleted_database
[2026-10-08 06:51:52] User: matilda | Action: failed_login
[2026-10-05 13:58:52] User: lily | Action: read_email
[2026-10-02 11:30:52] User: jackson | Action: logged_out
[2026-10-05 11:06:52] User: felix | Action: logged_out
[2026-10-05 10:17:52] User: alex | Action: accessed_shared_drive
[2026-10-04 02:03:52] User: laura | Action: password_changed
[2026-10-07 01:05:52] User: laura | Action: read_email
[2026-10-06 08:40:52] User: luca | Action: accessed_shared_drive
[2026-10-07 05:38:52] User: francesca | Action: logged_in
[2026-10-06 02:02:52] User: william | Action: failed_login
[2026-10-04 09:23:52] User: luca | Action: logged_in
[2026-10-07 18:40:52] User: sarah | Action: read_email
[2026-10-03 06:23:52] User: antonio | Action: failed_login
[2026-10-06 19:18:52] User: sarah | Action: read_email
[2026-10-03 18:57:52] User: margaret | Action: logged_in
[2026-10-03 20:22:52] User: lisa | Action: read_email
[2026-10-04 16:16:52] User: matilda | Action: password_changed
[2026-10-08 13:16:52] User: elisabetta | Action: failed_login
[2026-10-05 06:30:52] User: lisa | Action: read_email
[2026-10-02 23:01:52] User: rebecca | Action: failed_login
[2026-10-03 07:57:52] User: jennie | Action: read_email
[2026-10-07 06:27:52] User: jackson | Action: deleted_database
[2026-10-08 03:20:52] User: henry | Action: downloaded_confidential_file
[2026-10-04 22:41:52] User: jin | Action: read_email
[2026-10-06 19:05:52] User: matilda | Action: logged_out
[2026-10-05 14:56:52] User: karina | Action: update_profile
[2026-10-08 12:55:52] User: james | Action: logged_out
[2026-10-05 04:31:52] User: chloe | Action: logged_out
[2026-10-04 09:49:52] User: chloe | Action: logged_in
[2026-10-05 13:06:52] User: felix | Action: password_changed
[2026-10-08 21:13:52] User: chloe | Action: deleted_database
[2026-10-06 23:59:52] User: willow | Action: read_email
[2026-10-05 10:20:52] User: emily | Action: failed_login
[2026-10-05 18:11:52] User: jimin | Action: logged_in
[2026-10-02 02:49:52] User: william | Action: failed_login
[2026-10-05 19:30:52] User: francesca | Action: logged_out
[2026-10-06 20:03:52] User: alex | Action: accessed_shared_drive
[2026-10-03 18:47:52] User: alex | Action: failed_login
[2026-10-02 22:30:52] User: julie | Action: read_email
[2026-10-03 16:47:52] User: margaret | Action: password_changed
[2026-10-05 10:08:52] User: julie | Action: logged_out
[2026-10-03 04:22:52] User: willow | Action: logged_in
[2026-10-02 11:26:52] User: karina | Action: downloaded_confidential_file
[2026-10-06 01:38:52] User: rebecca | Action: read_email
[2026-10-08 06:39:52] User: margaret | Action: read_email
[2026-10-03 06:57:52] User: kevin | Action: read_email
[2026-10-04 11:27:52] User: namjoon | Action: accessed_shared_drive
[2026-10-05 14:48:52] User: jin | Action: failed_login
[2026-10-05 00:49:52] User: jungkook | Action: update_profile
[2026-10-06 22:54:52] User: luca | Action: downloaded_confidential_file
[2026-10-07 07:46:52] User: lisa | Action: logged_in
[2026-10-07 11:46:52] User: alex | Action: logged_in
[2026-10-06 00:08:52] User: jackson | Action: downloaded_confidential_file
[2026-10-06 05:20:52] User: nicole | Action: accessed_shared_drive
[2026-10-03 01:28:52] User: francesca | Action: read_email
[2026-10-05 05:48:52] User: yoonki | Action: downloaded_confidential_file
[2026-10-08 19:17:52] User: kevin | Action: password_changed
[2026-10-05 01:11:52] User: lisa | Action: deleted_database
[2026-10-07 05:27:52] User: alex | Action: read_email
[2026-10-03 14:11:52] User: felix | Action: password_changed
[2026-10-08 20:24:52] User: yoonki | Action: logged_in
[2026-10-02 11:28:52] User: william | Action: deleted_database
[2026-10-03 22:13:52] User: margaret | Action: update_profile
[2026-10-04 15:02:52] User: chloe | Action: failed_login
[2026-10-03 01:29:52] User: felix | Action: logged_in
[2026-10-07 15:22:52] User: willow | Action: logged_out
[2026-10-02 12:29:52] User: jimin | Action: failed_login
[2026-10-06 12:53:52] User: james | Action: logged_out
[2026-10-04 05:51:52] User: matilda | Action: read_email
[2026-10-07 04:04:52] User: yoonki | Action: accessed_shared_drive
[2026-10-04 16:41:52] User: namjoon | Action: deleted_database
[2026-10-04 16:13:52] User: matilda | Action: failed_login
[2026-10-08 01:21:52] User: elisabetta | Action: update_profile
[2026-10-06 04:44:52] User: kevin | Action: failed_login
[2026-10-02 02:46:52] User: yoonki | Action: deleted_database
[2026-10-08 05:52:52] User: james | Action: accessed_shared_drive
[2026-10-07 16:21:52] User: elisabetta | Action: logged_in
[2026-10-02 10:27:52] User: lily | Action: update_profile
[2026-10-07 16:16:52] User: nicole | Action: password_changed
[2026-10-08 05:33:52] User: kevin | Action: update_profile
[2026-10-06 00:00:52] User: sarah | Action: logged_out
[2026-10-02 18:31:52] User: rebecca | Action: read_email
[2026-10-08 10:07:52] User: jimin | Action: update_profile
[2026-10-04 00:29:52] User: felix | Action: password_changed
[2026-10-04 01:12:52] User: jimin | Action: failed_login
[2026-10-06 08:23:52] User: rebecca | Action: read_email
[2026-10-06 21:04:52] User: chloe | Action: logged_in
[2026-10-03 02:48:52] User: william | Action: update_profile
[2026-10-03 19:35:52] User: felix | Action: read_email
[2026-10-06 16:50:52] User: henry | Action: accessed_shared_drive
[2026-10-02 22:41:52] User: karina | Action: accessed_shared_drive
[2026-10-03 14:06:52] User: francesca | Action: password_changed
[2026-10-02 03:07:52] User: jisoo | Action: downloaded_confidential_file
[2026-10-08 10:14:52] User: suspect66 | Action: deleted_database
[2026-10-05 06:56:52] User: jimin | Action: deleted_database
[2026-10-06 12:01:52] User: emily | Action: password_changed
[2026-10-05 08:48:52] User: luca | Action: accessed_shared_drive
[2026-10-05 08:54:52] User: jane | Action: read_email
[2026-10-03 11:43:52] User: sarah | Action: failed_login
[2026-10-06 21:38:52] User: elisabetta | Action: accessed_shared_drive
[2026-10-04 21:19:52] User: jungkook | Action: failed_login
[2026-10-03 09:02:52] User: suspect66 | Action: downloaded_confidential_file
[2026-10-06 06:09:52] User: emily | Action: accessed_shared_drive
[2026-10-06 11:01:52] User: yoonki | Action: accessed_shared_drive
[2026-10-04 08:48:52] User: william | Action: failed_login
[2026-10-03 11:15:52] User: jisoo | Action: logged_in
[2026-10-03 15:14:52] User: luca | Action: accessed_shared_drive
[2026-10-07 15:20:52] User: lily | Action: read_email
[2026-10-06 05:11:52] User: henry | Action: read_email
[2026-10-02 15:40:52] User: antonio | Action: password_changed
[2026-10-03 12:21:52] User: jackson | Action: downloaded_confidential_file
[2026-10-02 21:27:52] User: henry | Action: read_email
[2026-10-04 07:09:52] User: yoonki | Action: downloaded_confidential_file
[2026-10-05 01:08:52] User: suspect66 | Action: failed_login
[2026-10-06 19:14:52] User: jisoo | Action: read_email
[2026-10-02 09:01:52] User: julie | Action: logged_out
[2026-10-05 02:42:52] User: luca | Action: update_profile
[2026-10-08 10:40:52] User: jennie | Action: downloaded_confidential_file
[2026-10-07 18:50:52] User: julie | Action: downloaded_confidential_file
[2026-10-03 06:39:52] User: elisabetta | Action: update_profile
[2026-10-05 01:34:52] User: diana | Action: downloaded_confidential_file
[2026-10-05 05:25:52] User: henry | Action: update_profile
[2026-10-03 17:45:52] User: namjoon | Action: logged_out
[2026-10-05 03:09:52] User: diana | Action: logged_out
[2026-10-05 14:36:52] User: henry | Action: accessed_shared_drive
[2026-10-08 14:00:52] User: jimin | Action: logged_in
[2026-10-06 13:38:52] User: lily | Action: failed_login
[2026-10-03 17:05:52] User: sarah | Action: logged_in
[2026-10-07 06:28:52] User: thomas | Action: accessed_shared_drive
[2026-10-08 11:30:52] User: willow | Action: logged_in
[2026-10-03 23:27:52] User: emily | Action: read_email
[2026-10-06 23:04:52] User: alex | Action: logged_out
[2026-10-07 09:36:52] User: rebecca | Action: update_profile
[2026-10-03 10:57:52] User: jungkook | Action: logged_in
[2026-10-02 05:30:52] User: william | Action: failed_login
[2026-10-08 15:28:52] User: jin | Action: failed_login
[2026-10-02 17:49:52] User: matilda | Action: update_profile
[2026-10-08 13:03:52] User: lily | Action: downloaded_confidential_file
[2026-10-07 04:18:52] User: jennie | Action: password_changed
[2026-10-03 07:05:52] User: rebecca | Action: logged_in
[2026-10-07 04:12:52] User: sarah | Action: update_profile
[2026-10-05 18:12:52] User: margaret | Action: read_email
[2026-10-07 16:20:52] User: emily | Action: downloaded_confidential_file
[2026-10-08 17:17:52] User: elisabetta | Action: downloaded_confidential_file
[2026-10-08 01:41:52] User: jisoo | Action: accessed_shared_drive
[2026-10-06 03:29:52] User: namjoon | Action: deleted_database
[2026-10-02 01:52:52] User: chloe | Action: password_changed
[2026-10-03 08:19:52] User: jisoo | Action: logged_out
[2026-10-05 17:01:52] User: alex | Action: update_profile
[2026-10-08 06:16:52] User: namjoon | Action: failed_login
[2026-10-04 05:14:52] User: suspect66 | Action: downloaded_confidential_file
[2026-10-08 19:46:52] User: jin | Action: update_profile
[2026-10-08 21:25:52] User: nicole | Action: update_profile
[2026-10-03 01:37:52] User: emily | Action: logged_in
[2026-10-02 13:45:52] User: jungkook | Action: password_changed
[2026-10-03 07:52:52] User: laura | Action: accessed_shared_drive
[2026-10-07 13:48:52] User: margaret | Action: password_changed
[2026-10-03 12:32:52] User: jisoo | Action: accessed_shared_drive
[2026-10-05 02:40:52] User: willow | Action: password_changed
[2026-10-07 14:12:52] User: elisabetta | Action: password_changed
[2026-10-03 23:23:52] User: sarah | Action: update_profile
[2026-10-08 14:12:52] User: chloe | Action: update_profile
[2026-10-05 17:55:52] User: nicole | Action: password_changed
[2026-10-06 10:28:52] User: jackson | Action: logged_out
[2026-10-06 08:01:52] User: jin | Action: downloaded_confidential_file
[2026-10-08 12:08:52] User: antonio | Action: logged_out
[2026-10-03 00:42:52] User: henry | Action: failed_login
[2026-10-05 07:21:52] User: margaret | Action: update_profile
[2026-10-07 17:28:52] User: rebecca | Action: read_email
[2026-10-07 11:52:52] User: karina | Action: failed_login
[2026-10-02 20:13:52] User: henry | Action: password_changed
[2026-10-05 03:44:52] User: rebecca | Action: read_email
[2026-10-07 05:57:52] User: henry | Action: accessed_shared_drive
[2026-10-02 16:16:52] User: jin | Action: logged_in
[2026-10-02 06:20:52] User: elisabetta | Action: password_changed
[2026-10-02 03:30:52] User: felix | Action: logged_in
[2026-10-08 21:47:52] User: james | Action: deleted_database
[2026-10-06 05:36:52] User: lily | Action: update_profile
[2026-10-05 04:52:52] User: yoonki | Action: accessed_shared_drive
[2026-10-07 15:06:52] User: antonio | Action: accessed_shared_drive
[2026-10-03 05:04:52] User: emily | Action: downloaded_confidential_file
[2026-10-06 12:41:52] User: jisoo | Action: deleted_database
[2026-10-08 09:07:52] User: willow | Action: failed_login
[2026-10-06 03:22:52] User: jennie | Action: read_email
[2026-10-05 01:22:52] User: namjoon | Action: read_email
[2026-10-06 12:53:52] User: diana | Action: failed_login
[2026-10-05 09:49:52] User: jennie | Action: logged_out
[2026-10-08 17:55:52] User: elisabetta | Action: deleted_database
[2026-10-04 05:45:52] User: jisoo | Action: read_email
[2026-10-05 18:08:52] User: jungkook | Action: accessed_shared_drive
[2026-10-05 08:19:52] User: jungkook | Action: deleted_database
[2026-10-06 15:28:52] User: antonio | Action: logged_out
[2026-10-03 22:26:52] User: julie | Action: update_profile
[2026-10-03 08:01:52] User: william | Action: accessed_shared_drive
[2026-10-02 19:16:52] User: jin | Action: downloaded_confidential_file
[2026-10-07 07:39:52] User: laura | Action: logged_out
[2026-10-03 20:48:52] User: karina | Action: deleted_database
[2026-10-04 10:32:52] User: jungkook | Action: read_email
[2026-10-02 21:04:52] User: william | Action: password_changed
[2026-10-03 01:10:52] User: antonio | Action: accessed_shared_drive
[2026-10-07 18:30:52] User: lily | Action: downloaded_confidential_file
[2026-10-06 16:31:52] User: thomas | Action: accessed_shared_drive
[2026-10-04 21:56:52] User: kevin | Action: password_changed
[2026-10-04 03:54:52] User: francesca | Action: accessed_shared_drive
[2026-10-05 18:11:52] User: jane | Action: update_profile
[2026-10-04 17:08:52] User: laura | Action: deleted_database
[2026-10-03 06:02:52] User: diana | Action: deleted_database
[2026-10-05 22:23:52] User: francesca | Action: update_profile
[2026-10-08 05:05:52] User: laura | Action: downloaded_confidential_file
[2026-10-02 19:23:52] User: jackson | Action: downloaded_confidential_file
[2026-10-05 21:08:52] User: chloe | Action: read_email
[2026-10-03 16:49:52] User: elisabetta | Action: accessed_shared_drive
[2026-10-03 23:37:52] User: lily | Action: downloaded_confidential_file
[2026-10-06 20:37:52] User: jisoo | Action: update_profile
[2026-10-07 19:36:52] User: kevin | Action: read_email
[2026-10-08 21:09:52] User: margaret | Action: read_email
[2026-10-07 01:00:52] User: matilda | Action: update_profile
[2026-10-06 06:15:52] User: yoonki | Action: logged_out
[2026-10-04 22:31:52] User: yoonki | Action: logged_in
[2026-10-03 08:19:52] User: suspect66 | Action: accessed_shared_drive
[2026-10-05 05:02:52] User: felix | Action: update_profile
[2026-10-08 22:47:52] User: namjoon | Action: update_profile
[2026-10-08 18:11:52] User: jane | Action: downloaded_confidential_file
[2026-10-04 19:52:52] User: elisabetta | Action: accessed_shared_drive
[2026-10-07 20:23:52] User: lisa | Action: read_email
[2026-10-07 02:33:52] User: yoonki | Action: deleted_database
[2026-10-06 23:06:52] User: julie | Action: deleted_database
[2026-10-08 06:06:52] User: laura | Action: failed_login
[2026-10-04 05:00:52] User: matilda | Action: downloaded_confidential_file
[2026-10-05 11:37:52] User: luca | Action: logged_in
[2026-10-06 23:29:52] User: lisa | Action: downloaded_confidential_file
[2026-10-07 09:11:52] User: nicole | Action: failed_login
[2026-10-05 19:16:52] User: james | Action: logged_out
[2026-10-03 21:55:52] User: lily | Action: accessed_shared_drive
[2026-10-06 07:15:52] User: laura | Action: logged_in
[2026-10-08 22:39:52] User: elisabetta | Action: failed_login
[2026-10-02 18:55:52] User: rebecca | Action: deleted_database
[2026-10-05 17:39:52] User: lisa | Action: password_changed
[2026-10-04 13:00:52] User: jin | Action: read_email
[2026-10-03 02:25:52] User: karina | Action: read_email
[2026-10-06 06:02:52] User: rebecca | Action: failed_login
[2026-10-07 04:00:52] User: francesca | Action: password_changed
[2026-10-06 06:03:52] User: alex | Action: read_email
[2026-10-07 04:00:52] User: jungkook | Action: read_email
[2026-10-07 00:04:52] User: henry | Action: password_changed
[2026-10-03 12:07:52] User: yoonki | Action: deleted_database
[2026-10-05 00:39:52] User: sarah | Action: failed_login
[2026-10-06 00:24:52] User: felix | Action: password_changed
[2026-10-07 21:46:52] User: henry | Action: logged_out
[2026-10-05 10:59:52] User: lily | Action: update_profile
[2026-10-06 19:54:52] User: matilda | Action: downloaded_confidential_file
[2026-10-08 06:24:52] User: antonio | Action: logged_in
[2026-10-05 22:31:52] User: suspect66 | Action: logged_out
[2026-10-07 15:42:52] User: emily | Action: password_changed
[2026-10-04 01:37:52] User: henry | Action: accessed_shared_drive
[2026-10-03 21:10:52] User: matilda | Action: deleted_database
[2026-10-02 19:52:52] User: william | Action: update_profile
[2026-10-06 05:19:52] User: alex | Action: password_changed
[2026-10-07 12:19:52] User: jin | Action: failed_login
[2026-10-08 11:56:52] User: lisa | Action: read_email
[2026-10-05 16:27:52] User: lily | Action: failed_login
[2026-10-07 01:43:52] User: kevin | Action: downloaded_confidential_file
[2026-10-07 08:28:52] User: lily | Action: failed_login
[2026-10-03 02:47:52] User: rebecca | Action: deleted_database
[2026-10-07 07:58:52] User: lily | Action: deleted_database
[2026-10-08 06:31:52] User: matilda | Action: failed_login
[2026-10-06 16:57:52] User: karina | Action: accessed_shared_drive
[2026-10-07 17:11:52] User: emily | Action: failed_login
[2026-10-06 17:05:52] User: sarah | Action: failed_login
[2026-10-05 15:46:52] User: felix | Action: logged_out
[2026-10-04 17:59:52] User: karina | Action: password_changed
[2026-10-02 16:07:52] User: karina | Action: failed_login
[2026-10-04 06:13:52] User: laura | Action: logged_out
[2026-10-07 08:39:52] User: matilda | Action: accessed_shared_drive
[2026-10-05 00:56:52] User: nicole | Action: accessed_shared_drive
[2026-10-06 12:04:52] User: jennie | Action: downloaded_confidential_file
[2026-10-06 10:50:52] User: matilda | Action: update_profile
[2026-10-03 17:01:52] User: suspect66 | Action: downloaded_confidential_file
[2026-10-06 04:06:52] User: alex | Action: logged_out
[2026-10-02 05:13:52] User: rebecca | Action: downloaded_confidential_file
[2026-10-05 04:09:52] User: laura | Action: accessed_shared_drive
[2026-10-08 08:53:52] User: jin | Action: logged_in
[2026-10-02 00:53:52] User: lily | Action: deleted_database
[2026-10-05 19:46:52] User: yoonki | Action: logged_out
[2026-10-04 23:12:52] User: elisabetta | Action: downloaded_confidential_file
[2026-10-06 12:23:52] User: lisa | Action: read_email
[2026-10-05 10:14:52] User: diana | Action: logged_out
[2026-10-04 07:14:52] User: james | Action: downloaded_confidential_file
[2026-10-06 22:02:52] User: thomas | Action: failed_login
[2026-10-04 09:43:52] User: jackson | Action: password_changed
[2026-10-06 22:40:52] User: jimin | Action: read_email
[2026-10-02 16:05:52] User: jane | Action: failed_login
[2026-10-08 20:28:52] User: diana | Action: password_changed
[2026-10-07 10:43:52] User: antonio | Action: failed_login
[2026-10-08 13:47:52] User: antonio | Action: logged_in
[2026-10-05 06:37:52] User: jin | Action: logged_out
[2026-10-08 00:30:52] User: matilda | Action: accessed_shared_drive
[2026-10-05 20:05:52] User: francesca | Action: downloaded_confidential_file
[2026-10-07 16:28:52] User: julie | Action: password_changed
[2026-10-04 09:59:52] User: jennie | Action: logged_out
[2026-10-08 05:45:52] User: nicole | Action: failed_login
[2026-10-05 23:20:52] User: jimin | Action: logged_out
[2026-10-04 16:19:52] User: nicole | Action: password_changed
[2026-10-03 11:54:52] User: lisa | Action: logged_in
[2026-10-02 05:06:52] User: lisa | Action: logged_in
[2026-10-03 08:35:52] User: luca | Action: failed_login
[2026-10-04 14:18:52] User: luca | Action: read_email
[2026-10-02 11:05:52] User: willow | Action: read_email
[2026-10-07 09:22:52] User: julie | Action: update_profile
[2026-10-08 02:03:52] User: henry | Action: logged_in
[2026-10-04 20:35:52] User: karina | Action: deleted_database
[2026-10-04 17:49:52] User: henry | Action: deleted_database
[2026-10-03 08:03:52] User: namjoon | Action: update_profile
[2026-10-08 22:38:52] User: jackson | Action: read_email
[2026-10-08 01:56:52] User: lily | Action: read_email
[2026-10-05 22:34:52] User: nicole | Action: password_changed
[2026-10-05 04:13:52] User: chloe | Action: downloaded_confidential_file
[2026-10-08 08:05:52] User: elisabetta | Action: read_email
[2026-10-08 00:04:52] User: matilda | Action: downloaded_confidential_file
[2026-10-06 22:25:52] User: lily | Action: deleted_database
[2026-10-02 07:13:52] User: jungkook | Action: downloaded_confidential_file
[2026-10-02 19:04:52] User: francesca | Action: deleted_database
[2026-10-02 04:01:52] User: jungkook | Action: downloaded_confidential_file
[2026-10-08 11:30:52] User: jane | Action: deleted_database
[2026-10-03 16:15:52] User: jackson | Action: logged_in
[2026-10-03 09:11:52] User: james | Action: read_email
[2026-10-08 05:23:52] User: jennie | Action: password_changed
[2026-10-06 20:58:52] User: sarah | Action: accessed_shared_drive
[2026-10-05 15:25:52] User: nicole | Action: update_profile
[2026-10-06 02:41:52] User: lisa | Action: failed_login
[2026-10-06 16:56:52] User: suspect66 | Action: deleted_database
[2026-10-03 11:03:52] User: suspect66 | Action: accessed_shared_drive
[2026-10-02 16:04:52] User: alex | Action: accessed_shared_drive
[2026-10-02 18:13:52] User: rebecca | Action: accessed_shared_drive
[2026-10-03 00:28:52] User: william | Action: password_changed
[2026-10-07 09:11:52] User: nicole | Action: password_changed
[2026-10-05 15:47:52] User: suspect66 | Action: accessed_shared_drive
[2026-10-02 12:56:52] User: henry | Action: failed_login
[2026-10-03 09:06:52] User: lisa | Action: downloaded_confidential_file
[2026-10-07 00:31:52] User: jackson | Action: logged_out
[2026-10-05 12:08:52] User: jin | Action: read_email
[2026-10-02 07:32:52] User: jisoo | Action: deleted_database
[2026-10-04 21:07:52] User: jackson | Action: logged_out
[2026-10-03 15:12:52] User: emily | Action: logged_out
[2026-10-07 22:43:52] User: laura | Action: logged_out
[2026-10-05 08:31:52] User: jungkook | Action: deleted_database
[2026-10-06 12:13:52] User: luca | Action: downloaded_confidential_file
[2026-10-04 11:09:52] User: nicole | Action: logged_in
[2026-10-06 13:37:52] User: james | Action: update_profile
[2026-10-07 11:57:52] User: kevin | Action: accessed_shared_drive
[2026-10-07 03:58:52] User: namjoon | Action: update_profile
[2026-10-07 21:18:52] User: jungkook | Action: logged_in
[2026-10-03 04:45:52] User: chloe | Action: password_changed
[2026-10-05 03:57:52] User: matilda | Action: password_changed
[2026-10-08 01:32:52] User: matilda | Action: accessed_shared_drive
[2026-10-08 16:15:52] User: elisabetta | Action: logged_out
[2026-10-03 03:08:52] User: namjoon | Action: deleted_database
[2026-10-07 02:15:52] User: jin | Action: deleted_database
[2026-10-02 05:28:52] User: antonio | Action: downloaded_confidential_file
[2026-10-02 10:36:52] User: alex | Action: failed_login
[2026-10-04 16:24:52] User: suspect66 | Action: deleted_database
[2026-10-06 01:25:52] User: nicole | Action: deleted_database
[2026-10-06 12:22:52] User: nicole | Action: accessed_shared_drive
[2026-10-07 03:49:52] User: jennie | Action: logged_out
[2026-10-07 06:04:52] User: thomas | Action: logged_in
[2026-10-03 23:09:52] User: henry | Action: read_email
[2026-10-05 03:14:52] User: francesca | Action: accessed_shared_drive
[2026-10-06 13:26:52] User: margaret | Action: logged_out
[2026-10-07 14:30:52] User: lisa | Action: failed_login
[2026-10-06 18:33:52] User: suspect66 | Action: accessed_shared_drive
[2026-10-04 06:51:52] User: william | Action: downloaded_confidential_file
[2026-10-04 02:43:52] User: nicole | Action: logged_in
[2026-10-08 22:00:52] User: antonio | Action: deleted_database
[2026-10-05 18:15:52] User: nicole | Action: update_profile
[2026-10-04 20:35:52] User: antonio | Action: failed_login
[2026-10-05 02:11:52] User: chloe | Action: logged_out
[2026-10-05 01:41:52] User: thomas | Action: logged_in
[2026-10-07 05:07:52] User: thomas | Action: update_profile
[2026-10-08 01:14:52] User: jisoo | Action: deleted_database
[2026-10-04 06:02:52] User: jungkook | Action: read_email
[2026-10-06 03:34:52] User: jungkook | Action: deleted_database
[2026-10-04 12:46:52] User: jungkook | Action: failed_login
[2026-10-05 13:19:52] User: diana | Action: logged_out
[2026-10-02 14:33:52] User: nicole | Action: read_email
[2026-10-04 10:41:52] User: jane | Action: read_email
[2026-10-08 06:01:52] User: laura | Action: logged_in
[2026-10-05 09:20:52] User: henry | Action: logged_out
[2026-10-03 11:14:52] User: francesca | Action: downloaded_confidential_file
[2026-10-03 20:35:52] User: julie | Action: read_email
[2026-10-06 06:47:52] User: jisoo | Action: read_email
[2026-10-05 07:23:52] User: henry | Action: deleted_database
[2026-10-04 08:37:52] User: francesca | Action: failed_login
[2026-10-02 22:18:52] User: matilda | Action: downloaded_confidential_file
[2026-10-08 13:04:52] User: margaret | Action: logged_in
[2026-10-04 00:17:52] User: willow | Action: accessed_shared_drive
[2026-10-08 01:34:52] User: namjoon | Action: update_profile
[2026-10-07 13:02:52] User: matilda | Action: accessed_shared_drive
[2026-10-06 00:28:52] User: namjoon | Action: password_changed
[2026-10-04 03:46:52] User: jennie | Action: failed_login
[2026-10-05 14:00:52] User: matilda | Action: failed_login
[2026-10-07 00:11:52] User: laura | Action: deleted_database
[2026-10-07 18:49:52] User: kevin | Action: password_changed
[2026-10-02 16:30:52] User: karina | Action: failed_login
[2026-10-07 08:00:52] User: antonio | Action: logged_in
[2026-10-02 05:49:52] User: laura | Action: logged_out
[2026-10-07 07:32:52] User: jin | Action: downloaded_confidential_file
[2026-10-08 03:43:52] User: willow | Action: deleted_database
[2026-10-02 21:23:52] User: willow | Action: downloaded_confidential_file
[2026-10-06 10:43:52] User: matilda | Action: logged_out
[2026-10-05 01:54:52] User: willow | Action: downloaded_confidential_file
[2026-10-05 14:35:52] User: james | Action: downloaded_confidential_file
[2026-10-04 16:12:52] User: julie | Action: deleted_database
[2026-10-07 17:00:52] User: henry | Action: failed_login
[2026-10-04 17:22:52] User: jennie | Action: logged_in
[2026-10-03 01:46:52] User: francesca | Action: deleted_database
[2026-10-08 10:23:52] User: lily | Action: update_profile
[2026-10-07 08:57:52] User: thomas | Action: downloaded_confidential_file
[2026-10-03 22:07:52] User: laura | Action: failed_login
[2026-10-04 09:29:52] User: yoonki | Action: deleted_database
[2026-10-07 01:50:52] User: laura | Action: read_email
[2026-10-06 02:52:52] User: matilda | Action: accessed_shared_drive
[2026-10-03 03:01:52] User: luca | Action: failed_login
[2026-10-07 02:11:52] User: margaret | Action: failed_login
[2026-10-04 10:48:52] User: emily | Action: downloaded_confidential_file
[2026-10-06 23:11:52] User: suspect66 | Action: update_profile
[2026-10-05 00:50:52] User: namjoon | Action: accessed_shared_drive
[2026-10-08 09:59:52] User: matilda | Action: deleted_database
[2026-10-08 18:36:52] User: lily | Action: update_profile
[2026-10-03 09:21:52] User: thomas | Action: update_profile
[2026-10-02 18:57:52] User: james | Action: logged_out
[2026-10-03 05:57:52] User: kevin | Action: read_email
[2026-10-04 04:40:52] User: felix | Action: logged_out
[2026-10-06 04:54:52] User: emily | Action: read_email
[2026-10-08 20:03:52] User: matilda | Action: accessed_shared_drive
[2026-10-07 19:51:52] User: nicole | Action: deleted_database
[2026-10-03 14:04:52] User: julie | Action: logged_out
[2026-10-06 02:22:52] User: elisabetta | Action: logged_in
[2026-10-04 23:17:52] User: yoonki | Action: deleted_database
[2026-10-05 08:06:52] User: sarah | Action: read_email
[2026-10-08 03:20:52] User: rebecca | Action: update_profile
[2026-10-04 12:54:52] User: jungkook | Action: accessed_shared_drive
[2026-10-07 02:17:52] User: james | Action: failed_login
[2026-10-04 06:56:52] User: jimin | Action: password_changed
[2026-10-04 12:03:52] User: namjoon | Action: downloaded_confidential_file
[2026-10-03 22:11:52] User: jimin | Action: failed_login
[2026-10-03 13:22:52] User: lily | Action: logged_out
[2026-10-06 07:32:52] User: james | Action: logged_out
[2026-10-03 13:07:52] User: james | Action: update_profile
[2026-10-07 16:19:52] User: lisa | Action: update_profile
[2026-10-06 14:40:52] User: thomas | Action: password_changed
[2026-10-03 19:28:52] User: luca | Action: failed_login
[2026-10-06 11:36:52] User: emily | Action: logged_out
[2026-10-04 18:36:52] User: henry | Action: logged_out
[2026-10-06 16:18:52] User: henry | Action: failed_login
[2026-10-03 17:42:52] User: yoonki | Action: failed_login
[2026-10-07 01:48:52] User: elisabetta | Action: read_email
[2026-10-08 10:46:52] User: jisoo | Action: failed_login
[2026-10-08 21:42:52] User: kevin | Action: accessed_shared_drive
[2026-10-04 22:36:52] User: jin | Action: update_profile
[2026-10-08 04:39:52] User: nicole | Action: logged_out
[2026-10-03 22:43:52] User: alex | Action: failed_login
[2026-10-08 17:53:52] User: suspect66 | Action: accessed_shared_drive
[2026-10-02 23:30:52] User: diana | Action: read_email
[2026-10-03 15:21:52] User: emily | Action: deleted_database
[2026-10-05 16:43:52] User: karina | Action: logged_out
[2026-10-02 14:33:52] User: felix | Action: read_email
[2026-10-04 11:17:52] User: william | Action: update_profile
[2026-10-02 16:00:52] User: rebecca | Action: downloaded_confidential_file
[2026-10-06 08:23:52] User: lisa | Action: accessed_shared_drive
[2026-10-03 21:33:52] User: francesca | Action: accessed_shared_drive
[2026-10-05 11:16:52] User: felix | Action: accessed_shared_drive
[2026-10-02 02:29:52] User: matilda | Action: logged_out
[2026-10-02 09:12:52] User: francesca | Action: logged_in
[2026-10-05 22:08:52] User: lily | Action: deleted_database
[2026-10-08 07:05:52] User: julie | Action: downloaded_confidential_file
[2026-10-03 23:11:52] User: suspect66 | Action: logged_in
[2026-10-08 05:29:52] User: jisoo | Action: deleted_database
[2026-10-06 06:29:52] User: luca | Action: logged_in
[2026-10-07 09:39:52] User: william | Action: accessed_shared_drive
[2026-10-06 01:55:52] User: sarah | Action: password_changed
[2026-10-03 16:39:52] User: nicole | Action: failed_login
[2026-10-08 16:18:52] User: yoonki | Action: read_email
[2026-10-08 18:48:52] User: namjoon | Action: logged_out
[2026-10-07 12:21:52] User: namjoon | Action: accessed_shared_drive
[2026-10-07 04:21:52] User: henry | Action: logged_in
[2026-10-08 02:14:52] User: jennie | Action: accessed_shared_drive
[2026-10-06 23:21:52] User: jungkook | Action: accessed_shared_drive
[2026-10-05 14:33:52] User: margaret | Action: read_email
[2026-10-06 20:13:52] User: yoonki | Action: password_changed
[2026-10-05 01:10:52] User: luca | Action: password_changed
[2026-10-07 13:11:52] User: jimin | Action: accessed_shared_drive
[2026-10-05 10:14:52] User: alex | Action: deleted_database
[2026-10-02 22:35:52] User: margaret | Action: accessed_shared_drive
[2026-10-07 09:48:52] User: james | Action: accessed_shared_drive
[2026-10-03 19:06:52] User: diana | Action: deleted_database
[2026-10-04 18:39:52] User: felix | Action: accessed_shared_drive
[2026-10-05 10:28:52] User: suspect66 | Action: logged_in
[2026-10-04 13:37:52] User: luca | Action: password_changed
[2026-10-07 06:37:52] User: jungkook | Action: update_profile
[2026-10-06 16:42:52] User: suspect66 | Action: accessed_shared_drive
[2026-10-06 09:29:52] User: jackson | Action: downloaded_confidential_file
[2026-10-07 01:30:52] User: thomas | Action: downloaded_confidential_file
[2026-10-04 23:47:52] User: james | Action: logged_in
[2026-10-08 05:09:52] User: thomas | Action: update_profile
[2026-10-04 14:25:52] User: matilda | Action: password_changed
[2026-10-03 09:12:52] User: jisoo | Action: logged_in
[2026-10-04 15:37:52] User: laura | Action: update_profile
[2026-10-08 04:22:52] User: jackson | Action: downloaded_confidential_file
[2026-10-06 04:35:52] User: emily | Action: read_email
[2026-10-06 15:16:52] User: sarah | Action: deleted_database
[2026-10-05 18:02:52] User: jin | Action: failed_login
[2026-10-07 00:30:52] User: lisa | Action: deleted_database
[2026-10-02 09:58:52] User: jane | Action: downloaded_confidential_file
[2026-10-07 06:47:52] User: jisoo | Action: read_email
[2026-10-04 06:01:52] User: willow | Action: update_profile
[2026-10-04 19:26:52] User: francesca | Action: update_profile
[2026-10-02 18:50:52] User: james | Action: password_changed
[2026-10-04 03:31:52] User: james | Action: read_email
[2026-10-07 12:50:52] User: william | Action: read_email
[2026-10-08 19:08:52] User: chloe | Action: downloaded_confidential_file
[2026-10-04 15:41:52] User: william | Action: accessed_shared_drive
[2026-10-05 01:37:52] User: suspect66 | Action: accessed_shared_drive
[2026-10-08 08:13:52] User: james | Action: deleted_database
[2026-10-02 13:21:52] User: willow | Action: logged_in
[2026-10-04 22:11:52] User: willow | Action: downloaded_confidential_file
[2026-10-07 02:19:52] User: willow | Action: accessed_shared_drive
[2026-10-04 16:46:52] User: rebecca | Action: read_email
[2026-10-02 09:24:52] User: jennie | Action: deleted_database
[2026-10-07 18:22:52] User: julie | Action: failed_login
[2026-10-05 06:43:52] User: francesca | Action: read_email
[2026-10-07 02:54:52] User: nicole | Action: password_changed
[2026-10-04 09:09:52] User: namjoon | Action: failed_login
[2026-10-05 10:28:52] User: antonio | Action: accessed_shared_drive
[2026-10-02 03:17:52] User: jennie | Action: password_changed
[2026-10-05 01:43:52] User: james | Action: downloaded_confidential_file
[2026-10-04 01:02:52] User: luca | Action: downloaded_confidential_file
[2026-10-05 17:37:52] User: james | Action: logged_in
[2026-10-03 02:04:52] User: diana | Action: downloaded_confidential_file
[2026-10-07 07:58:52] User: jane | Action: logged_in
[2026-10-03 01:08:52] User: margaret | Action: read_email
[2026-10-02 10:36:52] User: chloe | Action: downloaded_confidential_file
[2026-10-03 00:23:52] User: william | Action: downloaded_confidential_file
[2026-10-04 12:38:52] User: luca | Action: failed_login
[2026-10-08 22:51:52] User: jane | Action: failed_login
[2026-10-07 10:10:52] User: jane | Action: accessed_shared_drive
[2026-10-02 09:42:52] User: julie | Action: downloaded_confidential_file
[2026-10-03 14:44:52] User: william | Action: downloaded_confidential_file
[2026-10-06 10:43:52] User: yoonki | Action: logged_in
[2026-10-05 17:50:52] User: jane | Action: logged_out
[2026-10-06 09:26:52] User: lisa | Action: failed_login
[2026-10-08 06:20:52] User: jungkook | Action: failed_login
[2026-10-08 21:57:52] User: jimin | Action: accessed_shared_drive
[2026-10-06 02:19:52] User: emily | Action: deleted_database
[2026-10-08 10:01:52] User: jin | Action: accessed_shared_drive
[2026-10-07 21:29:52] User: sarah | Action: logged_out
[2026-10-06 10:03:52] User: namjoon | Action: deleted_database
[2026-10-06 21:21:52] User: william | Action: password_changed
[2026-10-08 02:21:52] User: francesca | Action: read_email
[2026-10-07 13:06:52] User: thomas | Action: read_email
[2026-10-05 19:54:52] User: elisabetta | Action: failed_login
[2026-10-07 22:29:52] User: elisabetta | Action: logged_out
[2026-10-08 17:29:52] User: lily | Action: update_profile
[2026-10-07 11:12:52] User: alex | Action: failed_login
[2026-10-03 04:30:52] User: willow | Action: read_email
[2026-10-07 18:50:52] User: lily | Action: read_email
[2026-10-08 21:04:52] User: namjoon | Action: downloaded_confidential_file
[2026-10-02 03:34:52] User: diana | Action: deleted_database
[2026-10-03 21:01:52] User: yoonki | Action: update_profile
[2026-10-06 06:01:52] User: jackson | Action: password_changed
[2026-10-03 15:30:52] User: felix | Action: logged_out
[2026-10-08 02:47:52] User: emily | Action: read_email
[2026-10-07 00:10:52] User: kevin | Action: failed_login
[2026-10-08 21:11:52] User: lily | Action: deleted_database
[2026-10-07 08:32:52] User: jin | Action: failed_login
[2026-10-06 12:04:52] User: alex | Action: failed_login
[2026-10-06 19:37:52] User: jungkook | Action: read_email
[2026-10-05 04:34:52] User: jin | Action: accessed_shared_drive
[2026-10-08 12:16:52] User: jin | Action: accessed_shared_drive
[2026-10-02 03:33:52] User: diana | Action: failed_login
[2026-10-04 18:49:52] User: elisabetta | Action: deleted_database
[2026-10-05 01:59:52] User: nicole | Action: accessed_shared_drive
[2026-10-02 18:36:52] User: felix | Action: downloaded_confidential_file
[2026-10-08 03:57:52] User: emily | Action: failed_login
[2026-10-02 23:05:52] User: antonio | Action: logged_out
[2026-10-07 14:14:52] User: matilda | Action: deleted_database
[2026-10-07 15:22:52] User: henry | Action: logged_out
[2026-10-03 19:26:52] User: thomas | Action: failed_login
[2026-10-06 14:58:52] User: willow | Action: logged_in
[2026-10-03 03:12:52] User: felix | Action: update_profile
[2026-10-04 06:03:52] User: sarah | Action: deleted_database
[2026-10-07 02:23:52] User: luca | Action: update_profile
[2026-10-06 22:34:52] User: james | Action: accessed_shared_drive
[2026-10-06 10:40:52] User: matilda | Action: read_email
[2026-10-08 08:31:52] User: laura | Action: password_changed
[2026-10-05 21:59:52] User: yoonki | Action: read_email
[2026-10-05 18:04:52] User: thomas | Action: accessed_shared_drive
[2026-10-06 21:55:52] User: suspect66 | Action: failed_login
[2026-10-03 21:49:52] User: sarah | Action: logged_in
[2026-10-07 20:38:52] User: lily | Action: logged_in
[2026-10-03 22:41:52] User: chloe | Action: update_profile
[2026-10-03 01:08:52] User: jungkook | Action: logged_in
[2026-10-08 13:16:52] User: jungkook | Action: update_profile
[2026-10-03 05:37:52] User: alex | Action: deleted_database
[2026-10-04 21:45:52] User: jennie | Action: logged_out
[2026-10-04 22:39:52] User: elisabetta | Action: logged_in
[2026-10-02 06:28:52] User: william | Action: failed_login
[2026-10-06 16:49:52] User: jennie | Action: downloaded_confidential_file
[2026-10-06 12:12:52] User: laura | Action: update_profile
[2026-10-08 20:18:52] User: nicole | Action: accessed_shared_drive
[2026-10-06 09:42:52] User: karina | Action: read_email
[2026-10-08 16:36:52] User: alex | Action: failed_login
[2026-10-04 08:32:52] User: felix | Action: accessed_shared_drive
[2026-10-06 12:46:52] User: jennie | Action: deleted_database
[2026-10-08 18:55:52] User: jackson | Action: password_changed
[2026-10-04 23:44:52] User: jennie | Action: update_profile
[2026-10-07 00:51:52] User: jackson | Action: failed_login
[2026-10-08 01:00:52] User: chloe | Action: accessed_shared_drive
[2026-10-05 14:29:52] User: rebecca | Action: accessed_shared_drive
[2026-10-05 16:26:52] User: margaret | Action: password_changed
[2026-10-02 20:50:52] User: felix | Action: password_changed
[2026-10-08 06:04:52] User: namjoon | Action: downloaded_confidential_file
[2026-10-08 18:31:52] User: kevin | Action: failed_login
[2026-10-03 01:17:52] User: namjoon | Action: logged_in
[2026-10-06 16:31:52] User: margaret | Action: deleted_database
[2026-10-06 01:56:52] User: margaret | Action: update_profile
[2026-10-02 00:21:52] User: matilda | Action: logged_out
[2026-10-04 22:11:52] User: jimin | Action: logged_in
[2026-10-04 07:45:52] User: luca | Action: deleted_database
[2026-10-02 20:12:52] User: jisoo | Action: update_profile
[2026-10-05 05:30:52] User: suspect66 | Action: password_changed
[2026-10-03 14:27:52] User: namjoon | Action: read_email
[2026-10-08 10:45:52] User: jin | Action: logged_out
[2026-10-06 14:53:52] User: emily | Action: logged_out
[2026-10-04 03:09:52] User: jimin | Action: read_email
[2026-10-04 03:19:52] User: diana | Action: password_changed
[2026-10-07 05:42:52] User: chloe | Action: failed_login
[2026-10-07 01:39:52] User: nicole | Action: read_email
[2026-10-04 14:03:52] User: jungkook | Action: logged_in
[2026-10-08 15:06:52] User: yoonki | Action: password_changed
[2026-10-04 03:16:52] User: chloe | Action: update_profile
[2026-10-06 11:20:52] User: sarah | Action: downloaded_confidential_file
[2026-10-04 04:04:52] User: yoonki | Action: logged_out
[2026-10-06 14:11:52] User: antonio | Action: password_changed
[2026-10-03 04:04:52] User: jimin | Action: password_changed
[2026-10-03 15:41:52] User: elisabetta | Action: logged_in
[2026-10-03 07:45:52] User: chloe | Action: downloaded_confidential_file
[2026-10-08 21:29:52] User: jimin | Action: update_profile
[2026-10-02 20:29:52] User: matilda | Action: accessed_shared_drive
[2026-10-06 17:06:52] User: suspect66 | Action: logged_in
[2026-10-03 02:19:52] User: william | Action: accessed_shared_drive
[2026-10-02 06:05:52] User: namjoon | Action: accessed_shared_drive
[2026-10-05 12:25:52] User: jungkook | Action: deleted_database
[2026-10-05 11:36:52] User: alex | Action: logged_out
[2026-10-02 15:31:52] User: suspect66 | Action: logged_in
[2026-10-04 07:40:52] User: suspect66 | Action: accessed_shared_drive
[2026-10-08 22:48:52] User: chloe | Action: read_email
[2026-10-05 03:29:52] User: jackson | Action: read_email
[2026-10-07 20:55:52] User: jimin | Action: logged_out
[2026-10-04 18:07:52] User: luca | Action: accessed_shared_drive
[2026-10-08 15:00:52] User: jackson | Action: failed_login
[2026-10-06 21:24:52] User: jisoo | Action: failed_login
[2026-10-05 04:28:52] User: suspect66 | Action: logged_out
[2026-10-05 07:06:52] User: jane | Action: accessed_shared_drive
[2026-10-07 01:41:52] User: jackson | Action: accessed_shared_drive
[2026-10-03 00:27:52] User: alex | Action: downloaded_confidential_file
[2026-10-07 01:43:52] User: emily | Action: downloaded_confidential_file
[2026-10-05 06:00:52] User: jungkook | Action: read_email
[2026-10-06 13:17:52] User: yoonki | Action: downloaded_confidential_file
[2026-10-03 15:40:52] User: james | Action: downloaded_confidential_file
[2026-10-04 19:15:52] User: namjoon | Action: update_profile
[2026-10-02 22:35:52] User: henry | Action: failed_login
[2026-10-03 03:26:52] User: william | Action: accessed_shared_drive
[2026-10-06 19:34:52] User: jin | Action: logged_out
[2026-10-06 00:34:52] User: jin | Action: update_profile
[2026-10-05 12:57:52] User: thomas | Action: password_changed
[2026-10-07 07:12:52] User: jackson | Action: logged_in
[2026-10-08 01:03:52] User: james | Action: downloaded_confidential_file
[2026-10-06 22:54:52] User: chloe | Action: downloaded_confidential_file
[2026-10-02 15:06:52] User: namjoon | Action: password_changed
[2026-10-05 17:30:52] User: jisoo | Action: read_email
[2026-10-03 16:02:52] User: julie | Action: password_changed
[2026-10-07 05:32:52] User: suspect66 | Action: accessed_shared_drive
[2026-10-03 17:44:52] User: felix | Action: deleted_database
[2026-10-06 14:02:52] User: rebecca | Action: read_email
[2026-10-05 17:50:52] User: antonio | Action: failed_login
[2026-10-02 01:07:52] User: luca | Action: deleted_database
[2026-10-03 03:53:52] User: james | Action: read_email
[2026-10-04 12:14:52] User: laura | Action: password_changed
[2026-10-05 07:22:52] User: william | Action: failed_login
[2026-10-02 13:41:52] User: diana | Action: deleted_database
[2026-10-05 17:15:52] User: jin | Action: password_changed
[2026-10-02 04:52:52] User: matilda | Action: logged_in
[2026-10-03 19:15:52] User: jin | Action: logged_in
[2026-10-07 16:13:52] User: elisabetta | Action: update_profile
[2026-10-02 15:23:52] User: jimin | Action: downloaded_confidential_file
[2026-10-03 05:55:52] User: emily | Action: accessed_shared_drive
[2026-10-08 20:46:52] User: lily | Action: downloaded_confidential_file
[2026-10-06 04:11:52] User: karina | Action: update_profile
[2026-10-04 00:13:52] User: antonio | Action: password_changed
[2026-10-07 17:11:52] User: lily | Action: password_changed
[2026-10-06 05:41:52] User: jane | Action: logged_out
[2026-10-05 13:42:52] User: jimin | Action: update_profile
[2026-10-06 02:23:52] User: diana | Action: password_changed
[2026-10-06 17:18:52] User: laura | Action: accessed_shared_drive
[2026-10-07 12:09:52] User: felix | Action: downloaded_confidential_file
[2026-10-07 12:12:52] User: james | Action: deleted_database
[2026-10-03 01:05:52] User: sarah | Action: password_changed
[2026-10-02 22:11:52] User: lisa | Action: logged_out
[2026-10-02 17:13:52] User: antonio | Action: accessed_shared_drive
[2026-10-08 18:16:52] User: yoonki | Action: update_profile
[2026-10-06 02:10:52] User: jackson | Action: read_email
[2026-10-06 23:16:52] User: emily | Action: logged_out
[2026-10-03 19:12:52] User: luca | Action: failed_login
[2026-10-04 04:12:52] User: jisoo | Action: read_email
[2026-10-06 17:41:52] User: yoonki | Action: read_email
[2026-10-07 11:32:52] User: james | Action: update_profile
[2026-10-05 00:22:52] User: alex | Action: accessed_shared_drive
[2026-10-03 20:59:52] User: jimin | Action: password_changed
[2026-10-03 20:50:52] User: matilda | Action: read_email
[2026-10-04 09:51:52] User: laura | Action: deleted_database
[2026-10-07 17:46:52] User: jungkook | Action: logged_out
[2026-10-02 08:05:52] User: namjoon | Action: update_profile
[2026-10-05 09:23:52] User: william | Action: deleted_database
[2026-10-08 16:34:52] User: james | Action: logged_out
[2026-10-06 15:20:52] User: margaret | Action: logged_in
[2026-10-04 18:51:52] User: francesca | Action: update_profile
[2026-10-02 21:17:52] User: antonio | Action: downloaded_confidential_file
[2026-10-03 22:26:52] User: elisabetta | Action: downloaded_confidential_file
[2026-10-03 19:55:52] User: henry | Action: downloaded_confidential_file
[2026-10-04 08:54:52] User: willow | Action: failed_login
[2026-10-05 07:43:52] User: matilda | Action: logged_out
[2026-10-05 00:49:52] User: luca | Action: logged_in
[2026-10-03 06:38:52] User: diana | Action: update_profile
[2026-10-08 14:48:52] User: james | Action: logged_out
[2026-10-04 11:50:52] User: jimin | Action: logged_in
[2026-10-07 01:03:52] User: felix | Action: password_changed
[2026-10-03 02:11:52] User: felix | Action: failed_login
[2026-10-06 00:58:52] User: lily | Action: logged_out
[2026-10-04 10:31:52] User: sarah | Action: update_profile
[2026-10-04 12:45:52] User: thomas | Action: downloaded_confidential_file
[2026-10-03 16:37:52] User: sarah | Action: failed_login
[2026-10-08 16:23:52] User: felix | Action: downloaded_confidential_file
[2026-10-04 15:49:52] User: thomas | Action: downloaded_confidential_file
[2026-10-06 18:23:52] User: lisa | Action: downloaded_confidential_file
[2026-10-06 02:03:52] User: felix | Action: password_changed
[2026-10-06 09:08:52] User: henry | Action: logged_in
[2026-10-04 01:58:52] User: suspect66 | Action: failed_login
[2026-10-05 04:59:52] User: julie | Action: failed_login
[2026-10-05 01:41:52] User: matilda | Action: failed_login
[2026-10-05 01:34:52] User: willow | Action: accessed_shared_drive
[2026-10-06 12:17:52] User: emily | Action: deleted_database
[2026-10-02 15:37:52] User: william | Action: accessed_shared_drive
[2026-10-08 17:22:52] User: james | Action: update_profile
[2026-10-04 11:44:52] User: luca | Action: downloaded_confidential_file
[2026-10-06 13:23:52] User: julie | Action: downloaded_confidential_file
[2026-10-05 10:00:52] User: yoonki | Action: failed_login
[2026-10-02 04:22:52] User: suspect66 | Action: deleted_database
[2026-10-04 16:17:52] User: henry | Action: update_profile
[2026-10-02 03:59:52] User: sarah | Action: deleted_database
[2026-10-04 19:50:52] User: diana | Action: logged_in
[2026-10-03 04:18:52] User: lily | Action: accessed_shared_drive
[2026-10-08 21:44:52] User: julie | Action: logged_out
[2026-10-08 22:03:52] User: felix | Action: password_changed
[2026-10-08 07:57:52] User: chloe | Action: downloaded_confidential_file
[2026-10-06 05:39:52] User: lisa | Action: read_email
[2026-10-06 00:39:52] User: lisa | Action: logged_out
[2026-10-04 23:59:52] User: emily | Action: password_changed
[2026-10-03 02:52:52] User: julie | Action: update_profile
[2026-10-08 09:02:52] User: namjoon | Action: password_changed
[2026-10-02 02:23:52] User: margaret | Action: update_profile
[2026-10-08 05:21:52] User: kevin | Action: deleted_database
[2026-10-04 06:30:52] User: jackson | Action: read_email
[2026-10-04 11:09:52] User: margaret | Action: logged_in
[2026-10-02 16:48:52] User: jimin | Action: failed_login
[2026-10-03 13:46:52] User: namjoon | Action: downloaded_confidential_file
[2026-10-03 15:44:52] User: thomas | Action: update_profile
[2026-10-07 16:15:52] User: sarah | Action: update_profile
[2026-10-07 15:44:52] User: jimin | Action: update_profile
[2026-10-06 18:45:52] User: willow | Action: read_email
[2026-10-02 00:49:52] User: jin | Action: deleted_database
[2026-10-08 14:39:52] User: karina | Action: downloaded_confidential_file
[2026-10-05 23:39:52] User: jin | Action: accessed_shared_drive
[2026-10-05 22:23:52] User: julie | Action: read_email
[2026-10-04 22:49:52] User: lisa | Action: deleted_database
[2026-10-07 17:50:52] User: jackson | Action: update_profile
[2026-10-03 00:52:52] User: jane | Action: password_changed
[2026-10-02 03:54:52] User: felix | Action: logged_out
[2026-10-04 21:23:52] User: elisabetta | Action: logged_in
[2026-10-03 16:50:52] User: nicole | Action: logged_out
[2026-10-07 17:17:52] User: elisabetta | Action: logged_out
[2026-10-06 13:28:52] User: karina | Action: read_email
[2026-10-05 14:16:52] User: sarah | Action: logged_out
[2026-10-02 19:50:52] User: antonio | Action: read_email
[2026-10-02 18:04:52] User: willow | Action: downloaded_confidential_file
[2026-10-05 09:57:52] User: suspect66 | Action: password_changed
[2026-10-05 12:55:52] User: jin | Action: logged_out
[2026-10-05 17:29:52] User: francesca | Action: failed_login
[2026-10-05 15:55:52] User: luca | Action: downloaded_confidential_file
[2026-10-07 14:28:52] User: diana | Action: accessed_shared_drive
[2026-10-07 13:15:52] User: lily | Action: deleted_database
[2026-10-04 19:13:52] User: laura | Action: logged_out
[2026-10-06 08:13:52] User: emily | Action: logged_in
[2026-10-07 04:52:52] User: jackson | Action: deleted_database
[2026-10-05 20:11:52] User: karina | Action: failed_login
[2026-10-03 00:23:52] User: felix | Action: logged_in
[2026-10-04 02:35:52] User: laura | Action: accessed_shared_drive
[2026-10-08 08:49:52] User: laura | Action: logged_in
[2026-10-04 08:20:52] User: jackson | Action: logged_out
[2026-10-04 20:20:52] User: nicole | Action: update_profile
[2026-10-08 13:01:52] User: rebecca | Action: password_changed
[2026-10-06 10:54:52] User: emily | Action: logged_in
[2026-10-07 06:47:52] User: luca | Action: password_changed
[2026-10-03 16:00:52] User: sarah | Action: deleted_database
[2026-10-07 11:32:52] User: julie | Action: logged_out
[2026-10-05 02:03:52] User: luca | Action: downloaded_confidential_file
[2026-10-07 04:07:52] User: yoonki | Action: logged_in
[2026-10-02 00:47:52] User: rebecca | Action: downloaded_confidential_file
[2026-10-07 02:47:52] User: felix | Action: read_email
[2026-10-07 14:00:52] User: namjoon | Action: deleted_database
[2026-10-06 17:02:52] User: william | Action: read_email
[2026-10-07 02:09:52] User: jackson | Action: deleted_database
[2026-10-07 13:02:52] User: francesca | Action: failed_login
[2026-10-03 17:29:52] User: rebecca | Action: downloaded_confidential_file
[2026-10-05 16:05:52] User: jin | Action: password_changed
[2026-10-06 01:30:52] User: felix | Action: downloaded_confidential_file
[2026-10-06 10:16:52] User: william | Action: read_email
[2026-10-02 15:41:52] User: william | Action: read_email
[2026-10-03 06:40:52] User: francesca | Action: read_email
[2026-10-02 21:11:52] User: alex | Action: update_profile
[2026-10-04 13:36:52] User: chloe | Action: downloaded_confidential_file
[2026-10-06 14:22:52] User: jackson | Action: accessed_shared_drive
[2026-10-07 18:31:52] User: yoonki | Action: update_profile
[2026-10-05 11:19:52] User: francesca | Action: read_email
[2026-10-05 22:46:52] User: elisabetta | Action: password_changed
[2026-10-04 08:57:52] User: henry | Action: accessed_shared_drive
[2026-10-05 01:49:52] User: rebecca | Action: downloaded_confidential_file
[2026-10-05 01:56:52] User: sarah | Action: logged_in
[2026-10-02 02:22:52] User: jungkook | Action: read_email
[2026-10-02 04:03:52] User: felix | Action: failed_login
[2026-10-08 05:15:52] User: alex | Action: deleted_database
[2026-10-03 05:15:52] User: jackson | Action: logged_in
[2026-10-07 03:03:52] User: luca | Action: logged_out
[2026-10-08 04:40:52] User: jimin | Action: update_profile
[2026-10-05 13:01:52] User: thomas | Action: read_email
[2026-10-07 22:52:52] User: thomas | Action: deleted_database
[2026-10-03 17:47:52] User: nicole | Action: accessed_shared_drive
[2026-10-08 02:36:52] User: elisabetta | Action: failed_login
[2026-10-05 05:30:52] User: laura | Action: read_email
[2026-10-07 08:03:52] User: lisa | Action: logged_out
[2026-10-05 22:37:52] User: emily | Action: failed_login
[2026-10-08 10:01:52] User: jungkook | Action: read_email
[2026-10-03 13:11:52] User: sarah | Action: password_changed
[2026-10-04 21:22:52] User: jungkook | Action: logged_in
[2026-10-08 19:43:52] User: lily | Action: accessed_shared_drive
[2026-10-05 02:56:52] User: alex | Action: update_profile
[2026-10-07 20:29:52] User: lisa | Action: password_changed
[2026-10-03 09:41:52] User: jisoo | Action: accessed_shared_drive
[2026-10-05 08:18:52] User: henry | Action: failed_login
[2026-10-05 09:08:52] User: jungkook | Action: deleted_database
[2026-10-03 17:34:52] User: henry | Action: logged_out
[2026-10-03 11:34:52] User: nicole | Action: update_profile
[2026-10-07 12:11:52] User: rebecca | Action: accessed_shared_drive
[2026-10-03 05:55:52] User: laura | Action: update_profile
[2026-10-03 15:14:52] User: jin | Action: read_email
[2026-10-07 17:00:52] User: yoonki | Action: password_changed
[2026-10-04 17:01:52] User: rebecca | Action: failed_login
[2026-10-03 12:25:52] User: antonio | Action: password_changed
[2026-10-03 09:22:52] User: suspect66 | Action: update_profile
[2026-10-05 01:32:52] User: emily | Action: logged_out
[2026-10-02 08:49:52] User: william | Action: read_email
[2026-10-04 15:39:52] User: jimin | Action: update_profile
[2026-10-07 07:52:52] User: matilda | Action: logged_in
[2026-10-03 20:38:52] User: namjoon | Action: read_email
[2026-10-04 03:26:52] User: nicole | Action: password_changed
[2026-10-03 17:39:52] User: jennie | Action: deleted_database
[2026-10-06 11:01:52] User: willow | Action: logged_out
[2026-10-07 10:31:52] User: kevin | Action: logged_in
[2026-10-03 00:07:52] User: jennie | Action: update_profile
[2026-10-05 05:14:52] User: diana | Action: logged_in
[2026-10-04 17:32:52] User: margaret | Action: logged_out
[2026-10-02 05:24:52] User: matilda | Action: accessed_shared_drive
[2026-10-06 12:56:52] User: diana | Action: failed_login
[2026-10-04 20:23:52] User: antonio | Action: deleted_database
[2026-10-06 22:19:52] User: francesca | Action: accessed_shared_drive
[2026-10-08 11:34:52] User: jin | Action: downloaded_confidential_file
[2026-10-06 17:58:52] User: jungkook | Action: deleted_database
[2026-10-02 23:25:52] User: henry | Action: downloaded_confidential_file
[2026-10-06 16:52:52] User: karina | Action: downloaded_confidential_file
[2026-10-06 11:17:52] User: suspect66 | Action: deleted_database
[2026-10-07 04:57:52] User: namjoon | Action: deleted_database
[2026-10-03 05:45:52] User: jackson | Action: downloaded_confidential_file
[2026-10-03 10:45:52] User: diana | Action: read_email
[2026-10-04 07:57:52] User: lily | Action: logged_in
[2026-10-02 22:46:52] User: margaret | Action: read_email
[2026-10-05 08:31:52] User: jackson | Action: deleted_database
[2026-10-07 02:24:52] User: thomas | Action: logged_out
[2026-10-05 20:22:52] User: jungkook | Action: logged_in
[2026-10-08 10:04:52] User: yoonki | Action: failed_login
[2026-10-06 09:55:52] User: jane | Action: logged_in
[2026-10-06 23:03:52] User: margaret | Action: accessed_shared_drive
[2026-10-02 12:28:52] User: francesca | Action: deleted_database
[2026-10-04 01:59:52] User: margaret | Action: deleted_database
[2026-10-07 18:47:52] User: matilda | Action: logged_in
[2026-10-06 07:19:52] User: jane | Action: failed_login
[2026-10-07 02:54:52] User: luca | Action: logged_out
[2026-10-06 03:01:52] User: kevin | Action: deleted_database
[2026-10-06 13:35:52] User: julie | Action: accessed_shared_drive
[2026-10-04 12:06:52] User: antonio | Action: downloaded_confidential_file
[2026-10-03 11:15:52] User: elisabetta | Action: logged_out
[2026-10-04 19:44:52] User: julie | Action: read_email
[2026-10-08 09:23:52] User: francesca | Action: deleted_database
[2026-10-07 07:38:52] User: antonio | Action: update_profile
[2026-10-07 23:20:52] User: emily | Action: logged_in
[2026-10-08 21:06:52] User: lisa | Action: read_email
[2026-10-04 11:23:52] User: kevin | Action: read_email
[2026-10-02 08:57:52] User: thomas | Action: downloaded_confidential_file
[2026-10-04 18:14:52] User: felix | Action: read_email
[2026-10-03 11:50:52] User: jungkook | Action: update_profile
[2026-10-03 17:10:52] User: antonio | Action: downloaded_confidential_file
[2026-10-08 00:49:52] User: lisa | Action: deleted_database
[2026-10-06 08:46:52] User: luca | Action: logged_out
[2026-10-07 20:49:52] User: laura | Action: logged_in
[2026-10-06 21:55:52] User: william | Action: logged_in
[2026-10-02 22:20:52] User: margaret | Action: password_changed
[2026-10-03 11:53:52] User: lily | Action: failed_login
[2026-10-08 15:36:52] User: julie | Action: downloaded_confidential_file
[2026-10-04 02:16:52] User: francesca | Action: logged_out
[2026-10-03 12:09:52] User: lily | Action: downloaded_confidential_file
[2026-10-02 13:18:52] User: william | Action: downloaded_confidential_file
[2026-10-06 22:52:52] User: suspect66 | Action: update_profile
[2026-10-05 08:49:52] User: lily | Action: logged_in
[2026-10-05 17:58:52] User: luca | Action: logged_out
[2026-10-05 00:43:52] User: jennie | Action: read_email
[2026-10-02 21:42:52] User: julie | Action: deleted_database
[2026-10-07 11:50:52] User: jisoo | Action: failed_login
[2026-10-02 11:15:52] User: thomas | Action: accessed_shared_drive
[2026-10-07 02:11:52] User: matilda | Action: accessed_shared_drive
[2026-10-08 01:53:52] User: diana | Action: downloaded_confidential_file
[2026-10-06 12:33:52] User: namjoon | Action: update_profile
[2026-10-02 08:31:52] User: felix | Action: password_changed
[2026-10-08 14:33:52] User: jisoo | Action: read_email
[2026-10-06 22:13:52] User: emily | Action: accessed_shared_drive
[2026-10-05 01:53:52] User: henry | Action: accessed_shared_drive
[2026-10-07 09:16:52] User: nicole | Action: accessed_shared_drive
[2026-10-06 10:46:52] User: francesca | Action: failed_login
[2026-10-07 18:28:52] User: thomas | Action: failed_login
[2026-10-06 20:05:52] User: chloe | Action: update_profile
[2026-10-02 04:43:52] User: margaret | Action: failed_login
[2026-10-07 14:14:52] User: alex | Action: logged_in
[2026-10-06 03:19:52] User: william | Action: logged_out
[2026-10-02 16:35:52] User: francesca | Action: read_email
[2026-10-08 09:32:52] User: henry | Action: password_changed
[2026-10-07 22:45:52] User: namjoon | Action: deleted_database
[2026-10-07 05:29:52] User: alex | Action: deleted_database
[2026-10-06 21:06:52] User: alex | Action: read_email
[2026-10-03 01:00:52] User: jisoo | Action: deleted_database
[2026-10-05 10:50:52] User: julie | Action: logged_out
[2026-10-07 21:00:52] User: matilda | Action: logged_out
[2026-10-04 10:32:52] User: antonio | Action: password_changed
[2026-10-08 08:03:52] User: julie | Action: failed_login
[2026-10-07 00:10:52] User: laura | Action: logged_out
[2026-10-04 19:35:52] User: alex | Action: update_profile
[2026-10-04 11:26:52] User: jackson | Action: read_email
[2026-10-05 12:45:52] User: lisa | Action: update_profile
[2026-10-04 19:23:52] User: henry | Action: password_changed
[2026-10-06 09:44:52] User: jungkook | Action: downloaded_confidential_file
[2026-10-08 03:21:52] User: alex | Action: password_changed
[2026-10-08 11:53:52] User: sarah | Action: accessed_shared_drive
[2026-10-05 09:38:52] User: sarah | Action: password_changed
[2026-10-06 13:11:52] User: sarah | Action: password_changed
[2026-10-03 08:55:52] User: laura | Action: accessed_shared_drive
[2026-10-02 15:45:52] User: namjoon | Action: downloaded_confidential_file
[2026-10-04 09:17:52] User: jimin | Action: read_email
[2026-10-04 09:30:52] User: elisabetta | Action: update_profile
[2026-10-03 10:36:52] User: kevin | Action: logged_out
[2026-10-03 04:58:52] User: alex | Action: logged_out
[2026-10-03 19:23:52] User: willow | Action: failed_login
[2026-10-08 04:33:52] User: sarah | Action: logged_in
[2026-10-06 23:29:52] User: jennie | Action: password_changed
[2026-10-04 12:11:52] User: karina | Action: read_email
[2026-10-05 09:46:52] User: margaret | Action: update_profile
[2026-10-08 17:44:52] User: felix | Action: logged_in
[2026-10-06 02:12:52] User: suspect66 | Action: downloaded_confidential_file
[2026-10-05 21:28:52] User: julie | Action: failed_login
[2026-10-07 16:02:52] User: jennie | Action: password_changed
[2026-10-04 12:13:52] User: yoonki | Action: deleted_database
[2026-10-03 07:52:52] User: diana | Action: failed_login
[2026-10-04 22:08:52] User: suspect66 | Action: accessed_shared_drive
[2026-10-08 14:08:52] User: thomas | Action: deleted_database
[2026-10-03 05:11:52] User: rebecca | Action: logged_out
[2026-10-04 00:08:52] User: jin | Action: downloaded_confidential_file
[2026-10-06 20:09:52] User: nicole | Action: password_changed
[2026-10-05 12:15:52] User: jimin | Action: accessed_shared_drive
[2026-10-08 03:46:52] User: rebecca | Action: accessed_shared_drive
[2026-10-07 12:15:52] User: namjoon | Action: logged_in
[2026-10-05 12:49:52] User: felix | Action: accessed_shared_drive
[2026-10-06 12:58:52] User: luca | Action: logged_out
[2026-10-03 23:03:52] User: sarah | Action: accessed_shared_drive
[2026-10-07 05:00:52] User: henry | Action: update_profile
[2026-10-04 12:41:52] User: laura | Action: downloaded_confidential_file
[2026-10-02 12:13:52] User: jackson | Action: downloaded_confidential_file
[2026-10-02 13:51:52] User: antonio | Action: accessed_shared_drive
[2026-10-04 03:44:52] User: matilda | Action: read_email
[2026-10-06 11:24:52] User: jennie | Action: password_changed
[2026-10-06 16:21:52] User: lisa | Action: update_profile
[2026-10-08 07:10:52] User: francesca | Action: accessed_shared_drive
[2026-10-03 10:45:52] User: henry | Action: failed_login
[2026-10-02 02:16:52] User: julie | Action: deleted_database
[2026-10-03 20:57:52] User: lily | Action: deleted_database
[2026-10-05 01:41:52] User: james | Action: deleted_database
[2026-10-03 15:49:52] User: alex | Action: downloaded_confidential_file
[2026-10-02 16:09:52] User: elisabetta | Action: deleted_database
[2026-10-06 09:08:52] User: chloe | Action: read_email
[2026-10-08 03:05:52] User: chloe | Action: logged_in
[2026-10-03 13:21:52] User: jimin | Action: failed_login
[2026-10-04 09:04:52] User: julie | Action: logged_out
[2026-10-04 13:28:52] User: antonio | Action: logged_out
[2026-10-06 20:38:52] User: suspect66 | Action: failed_login
[2026-10-02 23:40:52] User: sarah | Action: logged_out
[2026-10-03 12:50:52] User: thomas | Action: update_profile
[2026-10-02 11:17:52] User: lisa | Action: read_email
[2026-10-04 02:25:52] User: lisa | Action: logged_in
[2026-10-05 03:22:52] User: antonio | Action: accessed_shared_drive
[2026-10-05 12:49:52] User: alex | Action: logged_out
[2026-10-06 20:26:52] User: laura | Action: password_changed
[2026-10-06 03:16:52] User: jackson | Action: update_profile
[2026-10-05 11:29:52] User: laura | Action: logged_out
[2026-10-02 22:14:52] User: thomas | Action: downloaded_confidential_file
[2026-10-02 15:44:52] User: thomas | Action: logged_out
[2026-10-02 16:00:52] User: margaret | Action: read_email
[2026-10-04 15:17:52] User: suspect66 | Action: logged_out
[2026-10-08 02:31:52] User: sarah | Action: read_email
[2026-10-02 09:38:52] User: diana | Action: update_profile
[2026-10-08 08:40:52] User: karina | Action: read_email
[2026-10-07 04:37:52] User: matilda | Action: failed_login
[2026-10-04 11:36:52] User: margaret | Action: failed_login
[2026-10-06 17:59:52] User: nicole | Action: logged_in
[2026-10-05 18:52:52] User: kevin | Action: password_changed
[2026-10-03 00:06:52] User: jane | Action: read_email
[2026-10-07 06:26:52] User: henry | Action: logged_out
[2026-10-08 22:06:52] User: willow | Action: failed_login
[2026-10-02 16:47:52] User: elisabetta | Action: deleted_database
[2026-10-02 15:05:52] User: luca | Action: downloaded_confidential_file
[2026-10-05 14:11:52] User: antonio | Action: update_profile
[2026-10-07 15:13:52] User: jungkook | Action: logged_out
[2026-10-07 00:03:52] User: james | Action: update_profile
[2026-10-02 14:59:52] User: margaret | Action: logged_in
[2026-10-04 14:38:52] User: diana | Action: downloaded_confidential_file
[2026-10-04 07:07:52] User: chloe | Action: password_changed
[2026-10-05 17:30:52] User: william | Action: logged_out
[2026-10-07 01:30:52] User: jisoo | Action: password_changed
[2026-10-07 00:27:52] User: margaret | Action: failed_login
[2026-10-07 10:26:52] User: diana | Action: update_profile
[2026-10-02 19:15:52] User: lily | Action: failed_login
[2026-10-07 11:53:52] User: alex | Action: read_email
[2026-10-08 13:00:52] User: antonio | Action: deleted_database
[2026-10-02 13:08:52] User: antonio | Action: read_email
[2026-10-02 04:10:52] User: antonio | Action: downloaded_confidential_file
[2026-10-04 15:14:52] User: francesca | Action: downloaded_confidential_file
[2026-10-08 13:43:52] User: william | Action: failed_login
[2026-10-03 03:33:52] User: antonio | Action: downloaded_confidential_file
[2026-10-02 00:29:52] User: emily | Action: update_profile
[2026-10-06 13:08:52] User: sarah | Action: read_email
[2026-10-05 04:55:52] User: luca | Action: read_email
[2026-10-02 12:28:52] User: diana | Action: password_changed
[2026-10-03 00:41:52] User: diana | Action: failed_login
[2026-10-02 14:49:52] User: chloe | Action: password_changed
[2026-10-07 01:47:52] User: jisoo | Action: logged_out
[2026-10-08 15:24:52] User: luca | Action: logged_out
[2026-10-02 14:43:52] User: diana | Action: password_changed
[2026-10-08 05:18:52] User: lily | Action: downloaded_confidential_file
[2026-10-04 06:03:52] User: emily | Action: deleted_database
[2026-10-08 10:52:52] User: nicole | Action: read_email
[2026-10-07 05:06:52] User: yoonki | Action: logged_out
[2026-10-08 19:43:52] User: thomas | Action: password_changed
[2026-10-08 13:33:52] User: margaret | Action: read_email
[2026-10-04 07:02:52] User: antonio | Action: read_email
[2026-10-05 13:37:52] User: nicole | Action: accessed_shared_drive
[2026-10-04 19:46:52] User: elisabetta | Action: deleted_database
[2026-10-07 06:03:52] User: margaret | Action: deleted_database
[2026-10-08 18:57:52] User: alex | Action: update_profile
[2026-10-02 18:56:52] User: lily | Action: logged_out
[2026-10-08 00:37:52] User: kevin | Action: accessed_shared_drive
[2026-10-04 10:36:52] User: rebecca | Action: deleted_database
[2026-10-05 07:04:52] User: jimin | Action: downloaded_confidential_file
[2026-10-05 15:33:52] User: jackson | Action: password_changed
[2026-10-03 18:08:52] User: james | Action: password_changed
[2026-10-03 21:20:52] User: james | Action: downloaded_confidential_file
[2026-10-05 16:24:52] User: jennie | Action: logged_out
[2026-10-04 23:53:52] User: jungkook | Action: failed_login
[2026-10-07 21:29:52] User: nicole | Action: logged_in
[2026-10-03 09:25:52] User: jungkook | Action: logged_in
[2026-10-04 23:00:52] User: jackson | Action: deleted_database
[2026-10-05 02:23:52] User: julie | Action: update_profile
[2026-10-08 02:20:52] User: julie | Action: accessed_shared_drive
[2026-10-08 05:17:52] User: kevin | Action: accessed_shared_drive
[2026-10-05 13:36:52] User: jin | Action: deleted_database
[2026-10-08 02:31:52] User: jimin | Action: password_changed
[2026-10-06 10:45:52] User: chloe | Action: accessed_shared_drive
[2026-10-05 22:16:52] User: jimin | Action: failed_login
[2026-10-04 03:01:52] User: matilda | Action: deleted_database
[2026-10-06 22:02:52] User: thomas | Action: deleted_database
[2026-10-05 12:36:52] User: willow | Action: password_changed
[2026-10-05 20:57:52] User: jennie | Action: accessed_shared_drive
[2026-10-04 13:09:52] User: rebecca | Action: password_changed
[2026-10-03 20:51:52] User: felix | Action: read_email
[2026-10-08 10:15:52] User: nicole | Action: downloaded_confidential_file
[2026-10-02 03:21:52] User: william | Action: accessed_shared_drive
[2026-10-06 11:43:52] User: lily | Action: downloaded_confidential_file
[2026-10-07 10:43:52] User: margaret | Action: downloaded_confidential_file
[2026-10-02 07:40:52] User: jackson | Action: logged_in
[2026-10-03 23:51:52] User: william | Action: logged_out
[2026-10-06 11:42:52] User: jisoo | Action: downloaded_confidential_file
[2026-10-08 07:34:52] User: willow | Action: password_changed
[2026-10-06 01:58:52] User: willow | Action: read_email
[2026-10-02 02:10:52] User: jackson | Action: deleted_database
[2026-10-08 17:43:52] User: jackson | Action: read_email
[2026-10-04 20:14:52] User: luca | Action: update_profile
[2026-10-05 10:27:52] User: jimin | Action: logged_in
[2026-10-03 05:28:52] User: francesca | Action: logged_out
[2026-10-07 13:14:52] User: yoonki | Action: read_email
[2026-10-02 21:10:52] User: namjoon | Action: password_changed
[2026-10-02 09:05:52] User: chloe | Action: logged_out
[2026-10-08 05:45:52] User: julie | Action: downloaded_confidential_file
[2026-10-03 03:48:52] User: jackson | Action: downloaded_confidential_file
[2026-10-05 23:02:52] User: elisabetta | Action: read_email
[2026-10-05 07:47:52] User: chloe | Action: logged_out
[2026-10-04 01:06:52] User: james | Action: logged_in
[2026-10-06 13:12:52] User: lily | Action: logged_in
[2026-10-02 17:46:52] User: william | Action: logged_out
[2026-10-08 03:42:52] User: elisabetta | Action: read_email
[2026-10-04 08:17:52] User: yoonki | Action: update_profile
[2026-10-08 20:47:52] User: lisa | Action: read_email
[2026-10-05 10:10:52] User: jin | Action: downloaded_confidential_file
[2026-10-08 00:27:52] User: jennie | Action: logged_in
[2026-10-08 10:00:52] User: luca | Action: downloaded_confidential_file
[2026-10-06 11:58:52] User: elisabetta | Action: failed_login
[2026-10-07 03:39:52] User: henry | Action: accessed_shared_drive
[2026-10-02 09:42:52] User: margaret | Action: failed_login
[2026-10-04 08:26:52] User: lisa | Action: logged_out
[2026-10-03 21:41:52] User: suspect66 | Action: deleted_database
[2026-10-02 12:45:52] User: jackson | Action: update_profile
[2026-10-07 20:11:52] User: willow | Action: update_profile
[2026-10-02 01:32:52] User: namjoon | Action: read_email
[2026-10-08 06:58:52] User: margaret | Action: password_changed
[2026-10-04 04:16:52] User: rebecca | Action: logged_out
[2026-10-07 17:50:52] User: elisabetta | Action: accessed_shared_drive
[2026-10-03 09:29:52] User: william | Action: accessed_shared_drive
[2026-10-08 19:42:52] User: antonio | Action: downloaded_confidential_file
[2026-10-05 01:11:52] User: jimin | Action: failed_login
[2026-10-02 09:16:52] User: jennie | Action: update_profile
[2026-10-08 07:34:52] User: alex | Action: update_profile
[2026-10-07 07:43:52] User: emily | Action: logged_in
[2026-10-03 14:05:52] User: jin | Action: downloaded_confidential_file
[2026-10-07 04:08:52] User: julie | Action: deleted_database
[2026-10-03 14:24:52] User: alex | Action: update_profile
[2026-10-07 08:19:52] User: jimin | Action: failed_login
[2026-10-03 04:50:52] User: chloe | Action: downloaded_confidential_file
[2026-10-03 05:57:52] User: nicole | Action: logged_out
[2026-10-07 21:38:52] User: suspect66 | Action: deleted_database
[2026-10-08 20:06:52] User: laura | Action: update_profile
[2026-10-04 06:51:52] User: namjoon | Action: downloaded_confidential_file
[2026-10-06 02:48:52] User: luca | Action: downloaded_confidential_file
[2026-10-05 07:20:52] User: laura | Action: password_changed
[2026-10-06 00:32:52] User: william | Action: failed_login
[2026-10-07 01:45:52] User: jin | Action: accessed_shared_drive
[2026-10-02 07:16:52] User: lily | Action: accessed_shared_drive
[2026-10-06 05:06:52] User: jisoo | Action: failed_login
[2026-10-05 10:42:52] User: diana | Action: logged_in
[2026-10-08 18:52:52] User: sarah | Action: downloaded_confidential_file
[2026-10-06 14:48:52] User: jimin | Action: password_changed
[2026-10-06 19:28:52] User: henry | Action: logged_out
[2026-10-03 07:47:52] User: emily | Action: password_changed
[2026-10-05 00:26:52] User: william | Action: read_email
[2026-10-05 08:57:52] User: francesca | Action: failed_login
[2026-10-07 15:56:52] User: luca | Action: read_email
[2026-10-07 10:13:52] User: jane | Action: downloaded_confidential_file
[2026-10-06 13:00:52] User: henry | Action: deleted_database
[2026-10-07 09:31:52] User: william | Action: failed_login
[2026-10-04 09:35:52] User: henry | Action: downloaded_confidential_file
[2026-10-03 18:13:52] User: elisabetta | Action: deleted_database
[2026-10-02 22:12:52] User: jane | Action: deleted_database
[2026-10-08 00:34:52] User: jimin | Action: deleted_database
[2026-10-04 20:10:52] User: chloe | Action: logged_out
[2026-10-03 05:27:52] User: elisabetta | Action: logged_in
[2026-10-07 01:31:52] User: jisoo | Action: logged_in
[2026-10-03 10:41:52] User: jisoo | Action: downloaded_confidential_file
[2026-10-05 05:34:52] User: felix | Action: deleted_database
[2026-10-04 08:42:52] User: suspect66 | Action: deleted_database
[2026-10-06 03:51:52] User: karina | Action: update_profile
[2026-10-02 03:59:52] User: francesca | Action: update_profile
[2026-10-07 00:47:52] User: jungkook | Action: downloaded_confidential_file
[2026-10-08 01:19:52] User: namjoon | Action: password_changed
[2026-10-02 19:30:52] User: karina | Action: read_email
[2026-10-04 08:43:52] User: chloe | Action: read_email
[2026-10-04 11:01:52] User: elisabetta | Action: logged_in
[2026-10-03 03:31:52] User: jungkook | Action: update_profile
[2026-10-03 16:24:52] User: jin | Action: accessed_shared_drive
[2026-10-05 08:38:52] User: emily | Action: deleted_database
[2026-10-02 03:20:52] User: jackson | Action: password_changed
[2026-10-08 09:43:52] User: willow | Action: failed_login
[2026-10-03 18:31:52] User: thomas | Action: failed_login
[2026-10-04 19:43:52] User: jisoo | Action: read_email
[2026-10-03 19:42:52] User: julie | Action: password_changed
[2026-10-02 13:50:52] User: antonio | Action: logged_out
[2026-10-05 04:05:52] User: diana | Action: logged_out
[2026-10-05 11:20:52] User: william | Action: password_changed
[2026-10-07 13:52:52] User: lily | Action: accessed_shared_drive
[2026-10-05 18:27:52] User: matilda | Action: deleted_database
[2026-10-02 21:06:52] User: yoonki | Action: logged_out
[2026-10-07 10:01:52] User: emily | Action: logged_in
[2026-10-06 02:02:52] User: margaret | Action: update_profile
[2026-10-05 14:07:52] User: willow | Action: password_changed
[2026-10-08 14:35:52] User: francesca | Action: update_profile
[2026-10-05 02:03:52] User: julie | Action: accessed_shared_drive
[2026-10-08 18:03:52] User: alex | Action: deleted_database
[2026-10-05 10:45:52] User: diana | Action: downloaded_confidential_file
[2026-10-08 06:14:52] User: felix | Action: password_changed
[2026-10-08 17:38:52] User: laura | Action: deleted_database
[2026-10-03 15:03:52] User: kevin | Action: failed_login
[2026-10-08 01:12:52] User: luca | Action: deleted_database
[2026-10-03 02:17:52] User: jungkook | Action: deleted_database
[2026-10-08 21:49:52] User: chloe | Action: failed_login
[2026-10-07 12:17:52] User: william | Action: deleted_database
[2026-10-04 02:10:52] User: chloe | Action: downloaded_confidential_file
[2026-10-02 20:13:52] User: thomas | Action: update_profile
[2026-10-03 21:41:52] User: jane | Action: logged_in
[2026-10-08 00:21:52] User: kevin | Action: read_email
[2026-10-02 11:34:52] User: namjoon | Action: read_email
[2026-10-04 09:39:52] User: francesca | Action: logged_in
[2026-10-05 07:27:52] User: jisoo | Action: failed_login
[2026-10-04 18:15:52] User: jane | Action: password_changed
[2026-10-04 22:02:52] User: jennie | Action: logged_in
[2026-10-05 03:26:52] User: lily | Action: failed_login
[2026-10-05 01:40:52] User: henry | Action: logged_out
[2026-10-07 17:38:52] User: william | Action: update_profile
[2026-10-05 04:40:52] User: felix | Action: downloaded_confidential_file
[2026-10-03 21:28:52] User: lily | Action: deleted_database
[2026-10-02 01:52:52] User: sarah | Action: failed_login
[2026-10-03 06:05:52] User: william | Action: downloaded_confidential_file
[2026-10-04 11:27:52] User: lisa | Action: deleted_database
[2026-10-03 08:44:52] User: julie | Action: logged_out
[2026-10-08 22:39:52] User: sarah | Action: logged_out
[2026-10-04 16:24:52] User: julie | Action: read_email
[2026-10-06 04:40:52] User: francesca | Action: logged_out
[2026-10-08 08:15:52] User: jisoo | Action: password_changed
[2026-10-07 09:08:52] User: emily | Action: downloaded_confidential_file
[2026-10-07 02:20:52] User: thomas | Action: deleted_database
[2026-10-04 07:22:52] User: james | Action: password_changed
[2026-10-07 09:51:52] User: jungkook | Action: read_email
[2026-10-07 05:12:52] User: lisa | Action: read_email
[2026-10-07 18:00:52] User: thomas | Action: accessed_shared_drive
[2026-10-05 17:04:52] User: matilda | Action: failed_login
[2026-10-05 03:24:52] User: diana | Action: deleted_database
[2026-10-02 10:11:52] User: lily | Action: update_profile
[2026-10-07 08:22:52] User: felix | Action: failed_login
[2026-10-05 07:09:52] User: francesca | Action: failed_login
[2026-10-03 02:59:52] User: james | Action: failed_login
[2026-10-02 09:37:52] User: jennie | Action: downloaded_confidential_file
[2026-10-05 20:55:52] User: margaret | Action: failed_login
[2026-10-02 00:59:52] User: laura | Action: logged_in
[2026-10-02 02:30:52] User: diana | Action: accessed_shared_drive
[2026-10-05 18:30:52] User: emily | Action: logged_out
[2026-10-03 07:36:52] User: nicole | Action: failed_login
[2026-10-04 10:25:52] User: elisabetta | Action: logged_out
[2026-10-08 22:53:52] User: lisa | Action: read_email
[2026-10-04 05:24:52] User: elisabetta | Action: deleted_database
[2026-10-05 07:04:52] User: luca | Action: logged_out
[2026-10-03 02:36:52] User: matilda | Action: password_changed
[2026-10-07 05:53:52] User: jackson | Action: downloaded_confidential_file
[2026-10-03 08:20:52] User: elisabetta | Action: failed_login
[2026-10-08 13:22:52] User: laura | Action: update_profile
[2026-10-06 04:16:52] User: sarah | Action: failed_login
[2026-10-08 10:30:52] User: jimin | Action: failed_login
[2026-10-05 06:27:52] User: thomas | Action: read_email
[2026-10-04 13:34:52] User: jennie | Action: read_email
[2026-10-08 09:19:52] User: suspect66 | Action: logged_out
[2026-10-05 14:45:52] User: kevin | Action: password_changed
[2026-10-06 14:41:52] User: matilda | Action: logged_in
[2026-10-04 07:49:52] User: rebecca | Action: update_profile
[2026-10-02 20:01:52] User: jimin | Action: read_email
[2026-10-08 01:48:52] User: jungkook | Action: password_changed
[2026-10-08 17:50:52] User: suspect66 | Action: update_profile
[2026-10-05 21:36:52] User: rebecca | Action: read_email
[2026-10-06 11:45:52] User: emily | Action: logged_out
[2026-10-06 12:03:52] User: henry | Action: logged_in
[2026-10-03 22:41:52] User: lily | Action: logged_in
[2026-10-08 12:52:52] User: willow | Action: logged_out
[2026-10-05 04:14:52] User: jane | Action: password_changed
[2026-10-05 05:49:52] User: kevin | Action: failed_login
[2026-10-08 03:37:52] User: matilda | Action: password_changed
[2026-10-07 18:36:52] User: sarah | Action: deleted_database
[2026-10-05 04:00:52] User: karina | Action: failed_login
[2026-10-05 21:17:52] User: jin | Action: read_email
[2026-10-03 04:00:52] User: namjoon | Action: password_changed
[2026-10-03 14:26:52] User: rebecca | Action: password_changed
[2026-10-03 23:05:52] User: namjoon | Action: logged_in
[2026-10-08 16:50:52] User: james | Action: password_changed
[2026-10-06 22:42:52] User: felix | Action: password_changed
[2026-10-07 11:39:52] User: julie | Action: logged_out
[2026-10-06 22:39:52] User: margaret | Action: logged_out
[2026-10-05 20:38:52] User: alex | Action: read_email
[2026-10-06 16:33:52] User: alex | Action: password_changed
[2026-10-04 11:23:52] User: diana | Action: update_profile
[2026-10-04 12:21:52] User: nicole | Action: deleted_database
[2026-10-05 00:19:52] User: francesca | Action: read_email
[2026-10-04 07:03:52] User: kevin | Action: failed_login
[2026-10-06 13:24:52] User: alex | Action: password_changed
[2026-10-07 22:13:52] User: james | Action: password_changed
[2026-10-06 04:25:52] User: luca | Action: deleted_database
[2026-10-02 00:57:52] User: jimin | Action: read_email
[2026-10-02 21:10:52] User: margaret | Action: deleted_database
[2026-10-04 13:36:52] User: margaret | Action: deleted_database
[2026-10-04 09:42:52] User: yoonki | Action: password_changed
[2026-10-07 20:51:52] User: jungkook | Action: logged_in
[2026-10-02 13:05:52] User: karina | Action: deleted_database
[2026-10-07 14:29:52] User: jin | Action: logged_out
[2026-10-02 04:53:52] User: elisabetta | Action: failed_login
[2026-10-02 16:23:52] User: laura | Action: update_profile
[2026-10-07 08:05:52] User: laura | Action: logged_out
[2026-10-02 03:47:52] User: francesca | Action: update_profile
[2026-10-08 07:25:52] User: jennie | Action: deleted_database
[2026-10-04 11:55:52] User: william | Action: accessed_shared_drive
[2026-10-06 01:01:52] User: jane | Action: deleted_database
[2026-10-04 07:42:52] User: jin | Action: deleted_database
[2026-10-04 18:46:52] User: alex | Action: logged_in
[2026-10-03 22:06:52] User: james | Action: deleted_database
[2026-10-02 19:05:52] User: elisabetta | Action: deleted_database
[2026-10-04 21:56:52] User: rebecca | Action: accessed_shared_drive
[2026-10-06 11:55:52] User: jungkook | Action: accessed_shared_drive
[2026-10-02 20:05:52] User: julie | Action: downloaded_confidential_file
[2026-10-08 00:47:52] User: antonio | Action: logged_in
[2026-10-08 03:15:52] User: thomas | Action: read_email
[2026-10-03 16:36:52] User: matilda | Action: downloaded_confidential_file
[2026-10-07 16:52:52] User: yoonki | Action: downloaded_confidential_file
[2026-10-06 09:05:52] User: margaret | Action: failed_login
[2026-10-06 00:46:52] User: nicole | Action: accessed_shared_drive
[2026-10-05 20:36:52] User: jisoo | Action: update_profile
[2026-10-07 11:42:52] User: sarah | Action: failed_login
[2026-10-05 19:04:52] User: matilda | Action: read_email
[2026-10-07 17:56:52] User: james | Action: downloaded_confidential_file
[2026-10-02 02:58:52] User: sarah | Action: update_profile
[2026-10-07 08:01:52] User: francesca | Action: accessed_shared_drive
[2026-10-06 03:34:52] User: henry | Action: logged_in
[2026-10-03 00:31:52] User: yoonki | Action: downloaded_confidential_file
[2026-10-05 22:04:52] User: chloe | Action: read_email
[2026-10-05 12:29:52] User: antonio | Action: password_changed
[2026-10-05 00:17:52] User: henry | Action: logged_out
[2026-10-04 13:36:52] User: willow | Action: read_email
[2026-10-02 11:19:52] User: nicole | Action: logged_out
[2026-10-07 17:28:52] User: elisabetta | Action: update_profile
[2026-10-06 05:43:52] User: jisoo | Action: logged_out
[2026-10-05 04:39:52] User: kevin | Action: read_email
[2026-10-06 12:42:52] User: diana | Action: deleted_database
[2026-10-06 15:19:52] User: diana | Action: logged_out
[2026-10-05 09:05:52] User: chloe | Action: logged_out
[2026-10-06 18:41:52] User: jane | Action: password_changed
[2026-10-07 06:58:52] User: henry | Action: password_changed
[2026-10-07 15:24:52] User: william | Action: downloaded_confidential_file
[2026-10-02 01:21:52] User: jane | Action: logged_out
[2026-10-04 03:44:52] User: chloe | Action: read_email
[2026-10-08 11:25:52] User: alex | Action: password_changed
[2026-10-04 04:17:52] User: julie | Action: downloaded_confidential_file
[2026-10-06 03:27:52] User: nicole | Action: deleted_database
[2026-10-04 23:01:52] User: jin | Action: password_changed
[2026-10-08 21:36:52] User: jimin | Action: failed_login
[2026-10-08 12:37:52] User: thomas | Action: read_email
[2026-10-02 14:17:52] User: lily | Action: failed_login
[2026-10-05 12:36:52] User: jungkook | Action: downloaded_confidential_file
[2026-10-06 22:43:52] User: william | Action: read_email
[2026-10-03 12:00:52] User: emily | Action: read_email
[2026-10-06 08:01:52] User: james | Action: failed_login
[2026-10-07 12:03:52] User: suspect66 | Action: failed_login
[2026-10-04 09:37:52] User: jin | Action: password_changed
[2026-10-04 18:19:52] User: elisabetta | Action: password_changed
[2026-10-03 00:03:52] User: chloe | Action: downloaded_confidential_file
[2026-10-06 03:02:52] User: emily | Action: logged_out
[2026-10-04 09:49:52] User: chloe | Action: update_profile
[2026-10-05 08:04:52] User: kevin | Action: update_profile
[2026-10-03 07:47:52] User: jimin | Action: password_changed
[2026-10-08 06:49:52] User: karina | Action: read_email
[2026-10-02 05:43:52] User: luca | Action: read_email
[2026-10-04 17:45:52] User: diana | Action: deleted_database
[2026-10-02 18:49:52] User: diana | Action: password_changed
[2026-10-04 15:22:52] User: felix | Action: update_profile
[2026-10-02 15:32:52] User: william | Action: deleted_database
[2026-10-03 00:03:52] User: chloe | Action: downloaded_confidential_file
[2026-10-04 22:35:52] User: lisa | Action: password_changed
[2026-10-05 23:45:52] User: lily | Action: failed_login
[2026-10-05 00:50:52] User: namjoon | Action: update_profile
[2026-10-07 18:04:52] User: jin | Action: failed_login
[2026-10-08 21:37:52] User: jackson | Action: logged_out
[2026-10-06 13:18:52] User: jisoo | Action: logged_in
[2026-10-05 23:38:52] User: francesca | Action: deleted_database
[2026-10-05 16:54:52] User: luca | Action: failed_login
[2026-10-04 23:35:52] User: kevin | Action: update_profile
[2026-10-05 05:06:52] User: karina | Action: logged_in
[2026-10-02 08:09:52] User: lisa | Action: failed_login
[2026-10-03 15:04:52] User: james | Action: logged_out
[2026-10-02 04:16:52] User: luca | Action: downloaded_confidential_file
[2026-10-06 00:28:52] User: rebecca | Action: read_email
[2026-10-03 08:45:52] User: yoonki | Action: update_profile
[2026-10-04 04:29:52] User: emily | Action: accessed_shared_drive
[2026-10-02 05:53:52] User: felix | Action: accessed_shared_drive
[2026-10-04 04:35:52] User: karina | Action: logged_out
[2026-10-06 21:45:52] User: yoonki | Action: password_changed
[2026-10-07 05:41:52] User: jisoo | Action: accessed_shared_drive
[2026-10-03 19:39:52] User: felix | Action: logged_in
[2026-10-06 23:18:52] User: james | Action: failed_login
[2026-10-03 02:24:52] User: yoonki | Action: update_profile
[2026-10-04 02:38:52] User: elisabetta | Action: logged_out
[2026-10-04 09:44:52] User: jungkook | Action: read_email
[2026-10-04 09:22:52] User: elisabetta | Action: accessed_shared_drive
[2026-10-07 02:14:52] User: felix | Action: downloaded_confidential_file
[2026-10-02 21:07:52] User: namjoon | Action: downloaded_confidential_file
[2026-10-05 20:27:52] User: emily | Action: failed_login
[2026-10-03 12:44:52] User: elisabetta | Action: accessed_shared_drive
[2026-10-02 14:17:52] User: jackson | Action: downloaded_confidential_file
[2026-10-04 19:56:52] User: emily | Action: update_profile
[2026-10-04 13:25:52] User: antonio | Action: accessed_shared_drive
[2026-10-03 19:58:52] User: nicole | Action: logged_in
[2026-10-07 05:50:52] User: emily | Action: deleted_database
[2026-10-02 15:33:52] User: jimin | Action: failed_login
[2026-10-02 07:41:52] User: felix | Action: accessed_shared_drive
[2026-10-02 07:14:52] User: rebecca | Action: failed_login
[2026-10-08 04:53:52] User: sarah | Action: logged_out
[2026-10-02 12:22:52] User: francesca | Action: read_email
[2026-10-08 14:35:52] User: elisabetta | Action: logged_in
[2026-10-05 10:12:52] User: henry | Action: logged_in
[2026-10-07 10:25:52] User: diana | Action: failed_login
[2026-10-05 23:15:52] User: jin | Action: logged_in
[2026-10-07 14:36:52] User: kevin | Action: logged_in
[2026-10-05 12:58:52] User: yoonki | Action: logged_out
[2026-10-07 03:24:52] User: james | Action: read_email
[2026-10-07 03:52:52] User: lisa | Action: downloaded_confidential_file
[2026-10-04 07:29:52] User: jennie | Action: deleted_database
[2026-10-04 08:11:52] User: sarah | Action: failed_login
[2026-10-04 22:57:52] User: antonio | Action: password_changed
[2026-10-06 01:09:52] User: karina | Action: accessed_shared_drive
[2026-10-04 10:26:52] User: kevin | Action: downloaded_confidential_file
[2026-10-07 20:55:52] User: francesca | Action: read_email
[2026-10-07 03:15:52] User: jackson | Action: update_profile
[2026-10-07 02:16:52] User: jennie | Action: logged_in
[2026-10-04 21:04:52] User: jimin | Action: downloaded_confidential_file
[2026-10-02 01:52:52] User: james | Action: update_profile
[2026-10-04 03:55:52] User: margaret | Action: logged_out
[2026-10-07 23:16:52] User: julie | Action: logged_out
[2026-10-02 23:50:52] User: antonio | Action: logged_out
[2026-10-02 20:50:52] User: jane | Action: accessed_shared_drive
[2026-10-04 17:24:52] User: kevin | Action: failed_login
[2026-10-04 20:17:52] User: antonio | Action: accessed_shared_drive
[2026-10-02 18:03:52] User: matilda | Action: update_profile
[2026-10-08 10:08:52] User: elisabetta | Action: update_profile
[2026-10-05 23:26:52] User: willow | Action: password_changed
[2026-10-03 20:18:52] User: elisabetta | Action: accessed_shared_drive
[2026-10-07 19:55:52] User: thomas | Action: downloaded_confidential_file
[2026-10-03 00:06:52] User: willow | Action: downloaded_confidential_file
[2026-10-02 13:51:52] User: laura | Action: logged_in
[2026-10-06 14:15:52] User: lily | Action: deleted_database
[2026-10-08 20:56:52] User: emily | Action: accessed_shared_drive
[2026-10-04 20:09:52] User: laura | Action: deleted_database
[2026-10-05 19:33:52] User: suspect66 | Action: read_email
[2026-10-04 13:21:52] User: laura | Action: accessed_shared_drive
[2026-10-05 00:35:52] User: laura | Action: password_changed
[2026-10-02 02:02:52] User: matilda | Action: update_profile
[2026-10-02 13:12:52] User: nicole | Action: logged_in
[2026-10-06 02:21:52] User: namjoon | Action: read_email
[2026-10-05 13:18:52] User: jungkook | Action: update_profile
[2026-10-05 11:40:52] User: lily | Action: failed_login
[2026-10-07 15:49:52] User: emily | Action: failed_login
[2026-10-07 12:39:52] User: jane | Action: accessed_shared_drive
[2026-10-08 18:57:52] User: jisoo | Action: read_email
[2026-10-02 13:00:52] User: rebecca | Action: logged_in
[2026-10-08 13:51:52] User: william | Action: deleted_database
[2026-10-06 17:59:52] User: sarah | Action: update_profile
[2026-10-02 00:52:52] User: jisoo | Action: accessed_shared_drive
[2026-10-02 07:57:52] User: jane | Action: logged_out
[2026-10-07 22:30:52] User: william | Action: failed_login
[2026-10-03 00:07:52] User: thomas | Action: password_changed
[2026-10-04 21:29:52] User: william | Action: failed_login
[2026-10-04 06:30:52] User: henry | Action: read_email
[2026-10-03 06:48:52] User: jungkook | Action: logged_out
[2026-10-08 10:46:52] User: rebecca | Action: logged_in
[2026-10-07 12:38:52] User: lisa | Action: logged_in
[2026-10-08 18:43:52] User: jane | Action: failed_login
[2026-10-08 01:30:52] User: yoonki | Action: read_email
[2026-10-03 11:08:52] User: james | Action: logged_out
[2026-10-06 04:55:52] User: namjoon | Action: logged_in
[2026-10-04 03:00:52] User: kevin | Action: read_email
[2026-10-02 13:19:52] User: jimin | Action: update_profile
[2026-10-08 13:33:52] User: rebecca | Action: read_email
[2026-10-05 09:02:52] User: lisa | Action: read_email
[2026-10-07 17:17:52] User: matilda | Action: deleted_database
[2026-10-03 07:27:52] User: emily | Action: logged_out
[2026-10-02 10:46:52] User: margaret | Action: accessed_shared_drive
[2026-10-04 17:21:52] User: jane | Action: accessed_shared_drive
[2026-10-04 12:06:52] User: suspect66 | Action: update_profile
[2026-10-08 17:13:52] User: jimin | Action: logged_in
[2026-10-03 23:57:52] User: rebecca | Action: logged_out
[2026-10-02 22:53:52] User: kevin | Action: logged_out
[2026-10-08 13:36:52] User: jackson | Action: password_changed
[2026-10-07 01:06:52] User: sarah | Action: logged_out
[2026-10-02 02:23:52] User: lisa | Action: accessed_shared_drive
[2026-10-08 05:21:52] User: julie | Action: update_profile
[2026-10-07 22:17:52] User: jisoo | Action: logged_out
[2026-10-03 14:07:52] User: thomas | Action: password_changed
[2026-10-08 00:13:52] User: thomas | Action: read_email
[2026-10-03 15:20:52] User: namjoon | Action: logged_out
[2026-10-07 22:41:52] User: margaret | Action: logged_in
[2026-10-08 08:46:52] User: emily | Action: downloaded_confidential_file
[2026-10-06 01:47:52] User: luca | Action: update_profile
[2026-10-06 19:57:52] User: jin | Action: password_changed
[2026-10-05 09:08:52] User: lisa | Action: logged_in
[2026-10-04 01:37:52] User: suspect66 | Action: deleted_database
[2026-10-02 21:56:52] User: elisabetta | Action: logged_out
[2026-10-07 15:57:52] User: rebecca | Action: accessed_shared_drive
[2026-10-03 06:49:52] User: matilda | Action: logged_in
[2026-10-06 21:56:52] User: jimin | Action: read_email
[2026-10-02 17:26:52] User: rebecca | Action: failed_login
[2026-10-07 04:39:52] User: felix | Action: failed_login
[2026-10-07 12:41:52] User: henry | Action: accessed_shared_drive
[2026-10-04 01:41:52] User: namjoon | Action: logged_out
[2026-10-03 05:37:52] User: jisoo | Action: deleted_database
[2026-10-03 23:32:52] User: felix | Action: failed_login
[2026-10-06 12:12:52] User: lisa | Action: password_changed
[2026-10-07 22:49:52] User: nicole | Action: password_changed
[2026-10-04 12:12:52] User: matilda | Action: deleted_database
[2026-10-05 22:37:52] User: james | Action: downloaded_confidential_file
[2026-10-04 14:47:52] User: william | Action: logged_out
[2026-10-05 02:33:52] User: chloe | Action: logged_in
[2026-10-04 04:15:52] User: lisa | Action: logged_in
[2026-10-04 20:59:52] User: jackson | Action: logged_in
[2026-10-05 13:38:52] User: nicole | Action: deleted_database
[2026-10-08 01:28:52] User: rebecca | Action: failed_login
[2026-10-07 07:51:52] User: matilda | Action: failed_login
[2026-10-04 20:56:52] User: henry | Action: read_email
[2026-10-02 11:14:52] User: emily | Action: downloaded_confidential_file
[2026-10-05 14:24:52] User: jin | Action: downloaded_confidential_file
[2026-10-03 18:44:52] User: jungkook | Action: password_changed
[2026-10-06 18:19:52] User: sarah | Action: logged_out
[2026-10-07 17:27:52] User: julie | Action: update_profile
[2026-10-02 09:17:52] User: karina | Action: deleted_database
[2026-10-02 00:31:52] User: jungkook | Action: update_profile
[2026-10-06 07:17:52] User: sarah | Action: password_changed
[2026-10-02 12:26:52] User: rebecca | Action: read_email
[2026-10-08 10:06:52] User: luca | Action: logged_out
[2026-10-06 06:00:52] User: jennie | Action: logged_in
[2026-10-07 15:44:52] User: lisa | Action: downloaded_confidential_file
[2026-10-02 22:11:52] User: antonio | Action: update_profile
[2026-10-04 17:39:52] User: antonio | Action: read_email
[2026-10-05 21:47:52] User: namjoon | Action: update_profile
[2026-10-02 22:07:52] User: felix | Action: logged_in
[2026-10-08 18:04:52] User: matilda | Action: downloaded_confidential_file
[2026-10-04 21:04:52] User: kevin | Action: update_profile
[2026-10-06 05:48:52] User: willow | Action: logged_out
[2026-10-05 01:02:52] User: sarah | Action: failed_login
[2026-10-04 22:35:52] User: margaret | Action: update_profile
[2026-10-02 01:15:52] User: yoonki | Action: logged_in
[2026-10-04 20:48:52] User: suspect66 | Action: failed_login
[2026-10-03 00:00:52] User: chloe | Action: update_profile
[2026-10-06 03:32:52] User: felix | Action: logged_in
[2026-10-05 08:21:52] User: willow | Action: accessed_shared_drive
[2026-10-05 11:24:52] User: jackson | Action: deleted_database
[2026-10-05 10:01:52] User: karina | Action: password_changed
[2026-10-03 00:08:52] User: jennie | Action: accessed_shared_drive
[2026-10-02 01:58:52] User: rebecca | Action: update_profile
[2026-10-06 08:03:52] User: laura | Action: accessed_shared_drive
[2026-10-02 01:12:52] User: suspect66 | Action: failed_login
[2026-10-03 15:59:52] User: thomas | Action: downloaded_confidential_file
[2026-10-08 04:32:52] User: henry | Action: downloaded_confidential_file
[2026-10-06 23:30:52] User: chloe | Action: accessed_shared_drive
[2026-10-03 07:55:52] User: margaret | Action: logged_out
[2026-10-03 15:42:52] User: kevin | Action: failed_login
[2026-10-06 10:40:52] User: chloe | Action: accessed_shared_drive
[2026-10-05 04:00:52] User: jin | Action: logged_in
[2026-10-08 08:16:52] User: jackson | Action: logged_out
[2026-10-08 04:40:52] User: kevin | Action: logged_in
[2026-10-08 14:26:52] User: rebecca | Action: update_profile
[2026-10-04 18:14:52] User: namjoon | Action: read_email
[2026-10-07 05:24:52] User: francesca | Action: read_email
[2026-10-06 13:56:52] User: matilda | Action: password_changed
[2026-10-06 17:53:52] User: nicole | Action: deleted_database
[2026-10-04 23:05:52] User: jungkook | Action: deleted_database
[2026-10-06 07:38:52] User: willow | Action: failed_login
[2026-10-07 18:53:52] User: antonio | Action: read_email
[2026-10-03 00:58:52] User: antonio | Action: accessed_shared_drive
[2026-10-05 07:08:52] User: yoonki | Action: password_changed
[2026-10-04 20:40:52] User: jisoo | Action: update_profile
[2026-10-04 05:07:52] User: diana | Action: deleted_database
[2026-10-02 07:26:52] User: lily | Action: update_profile
[2026-10-03 16:59:52] User: jennie | Action: logged_in
[2026-10-03 12:19:52] User: jisoo | Action: failed_login
[2026-10-05 18:19:52] User: jungkook | Action: update_profile
[2026-10-06 02:39:52] User: lily | Action: failed_login
[2026-10-07 23:33:52] User: karina | Action: logged_out
[2026-10-06 21:58:52] User: margaret | Action: accessed_shared_drive
[2026-10-07 16:54:52] User: felix | Action: downloaded_confidential_file
[2026-10-02 09:45:52] User: rebecca | Action: failed_login
[2026-10-04 08:02:52] User: william | Action: update_profile
[2026-10-08 15:48:52] User: kevin | Action: downloaded_confidential_file
[2026-10-03 23:13:52] User: jackson | Action: password_changed
[2026-10-04 00:12:52] User: diana | Action: password_changed
[2026-10-07 01:14:52] User: alex | Action: read_email
[2026-10-03 17:01:52] User: henry | Action: read_email
[2026-10-07 05:09:52] User: elisabetta | Action: logged_out
[2026-10-06 01:33:52] User: willow | Action: failed_login
[2026-10-06 06:42:52] User: sarah | Action: deleted_database
[2026-10-02 05:42:52] User: jungkook | Action: accessed_shared_drive
[2026-10-07 09:47:52] User: jackson | Action: logged_in
[2026-10-05 15:15:52] User: jane | Action: failed_login
[2026-10-05 12:17:52] User: jungkook | Action: logged_in
[2026-10-02 07:39:52] User: felix | Action: password_changed
[2026-10-07 07:58:52] User: jennie | Action: downloaded_confidential_file
[2026-10-03 22:10:52] User: suspect66 | Action: accessed_shared_drive
[2026-10-02 04:30:52] User: yoonki | Action: failed_login
[2026-10-04 04:55:52] User: luca | Action: accessed_shared_drive
[2026-10-08 01:50:52] User: margaret | Action: logged_out
[2026-10-06 16:04:52] User: james | Action: password_changed
[2026-10-06 17:11:52] User: julie | Action: password_changed
[2026-10-05 10:47:52] User: julie | Action: downloaded_confidential_file
[2026-10-08 10:44:52] User: jisoo | Action: read_email
[2026-10-06 06:51:52] User: rebecca | Action: downloaded_confidential_file
[2026-10-08 11:06:52] User: alex | Action: deleted_database
[2026-10-07 20:45:52] User: jimin | Action: update_profile
[2026-10-04 04:41:52] User: francesca | Action: downloaded_confidential_file
[2026-10-03 12:47:52] User: jennie | Action: logged_in
[2026-10-04 21:49:52] User: karina | Action: password_changed
[2026-10-04 15:33:52] User: rebecca | Action: deleted_database
[2026-10-07 21:47:52] User: matilda | Action: logged_out
[2026-10-06 13:07:52] User: matilda | Action: logged_out
[2026-10-02 01:55:52] User: jimin | Action: read_email
[2026-10-08 02:09:52] User: jungkook | Action: update_profile
[2026-10-06 12:44:52] User: yoonki | Action: failed_login
[2026-10-03 20:24:52] User: emily | Action: password_changed
[2026-10-05 16:26:52] User: lisa | Action: logged_in
[2026-10-05 04:12:52] User: thomas | Action: update_profile
[2026-10-07 20:55:52] User: willow | Action: downloaded_confidential_file
[2026-10-06 13:05:52] User: thomas | Action: read_email
[2026-10-06 08:27:52] User: suspect66 | Action: password_changed
[2026-10-02 20:33:52] User: sarah | Action: downloaded_confidential_file
[2026-10-03 04:27:52] User: william | Action: logged_in
[2026-10-08 08:00:52] User: jisoo | Action: failed_login
[2026-10-07 09:37:52] User: suspect66 | Action: update_profile
[2026-10-04 05:15:52] User: jungkook | Action: deleted_database
[2026-10-02 09:40:52] User: jimin | Action: logged_in
[2026-10-02 07:34:52] User: antonio | Action: failed_login
[2026-10-03 21:42:52] User: emily | Action: update_profile
[2026-10-02 04:10:52] User: nicole | Action: logged_in
[2026-10-05 05:12:52] User: laura | Action: failed_login
[2026-10-06 21:44:52] User: chloe | Action: failed_login
[2026-10-03 10:24:52] User: luca | Action: logged_out
[2026-10-04 04:49:52] User: sarah | Action: logged_out
[2026-10-04 13:25:52] User: jimin | Action: logged_out
[2026-10-06 20:11:52] User: luca | Action: deleted_database
[2026-10-07 11:16:52] User: suspect66 | Action: downloaded_confidential_file
[2026-10-02 06:27:52] User: luca | Action: failed_login
[2026-10-03 16:38:52] User: julie | Action: deleted_database
[2026-10-07 14:10:52] User: diana | Action: downloaded_confidential_file
[2026-10-02 20:57:52] User: emily | Action: failed_login
[2026-10-08 01:56:52] User: julie | Action: update_profile
[2026-10-04 05:21:52] User: antonio | Action: password_changed
[2026-10-03 22:35:52] User: jennie | Action: downloaded_confidential_file
[2026-10-05 20:12:52] User: nicole | Action: logged_out
[2026-10-05 01:47:52] User: antonio | Action: logged_in
[2026-10-05 12:41:52] User: laura | Action: deleted_database
[2026-10-05 12:57:52] User: jisoo | Action: accessed_shared_drive
[2026-10-05 09:51:52] User: felix | Action: accessed_shared_drive
[2026-10-06 18:53:52] User: rebecca | Action: deleted_database
[2026-10-07 21:19:52] User: elisabetta | Action: downloaded_confidential_file
[2026-10-05 15:07:52] User: jane | Action: password_changed
[2026-10-02 16:46:52] User: william | Action: logged_out
[2026-10-04 14:13:52] User: luca | Action: logged_out
[2026-10-04 03:39:52] User: willow | Action: downloaded_confidential_file
[2026-10-08 15:31:52] User: alex | Action: failed_login
[2026-10-06 01:11:52] User: yoonki | Action: logged_out
[2026-10-04 08:24:52] User: namjoon | Action: logged_out
[2026-10-03 01:40:52] User: suspect66 | Action: deleted_database
[2026-10-08 03:36:52] User: jisoo | Action: downloaded_confidential_file
[2026-10-07 01:17:52] User: emily | Action: password_changed
[2026-10-03 23:58:52] User: antonio | Action: failed_login
[2026-10-06 04:29:52] User: henry | Action: failed_login
[2026-10-08 06:12:52] User: jane | Action: update_profile
[2026-10-06 19:37:52] User: jimin | Action: logged_in
[2026-10-02 09:35:52] User: felix | Action: update_profile
[2026-10-05 20:41:52] User: namjoon | Action: logged_out
[2026-10-06 07:55:52] User: matilda | Action: read_email
[2026-10-03 09:47:52] User: thomas | Action: logged_in
[2026-10-04 00:39:52] User: suspect66 | Action: read_email
[2026-10-07 00:48:52] User: emily | Action: password_changed
[2026-10-06 20:26:52] User: francesca | Action: failed_login
[2026-10-07 23:30:52] User: rebecca | Action: logged_in
[2026-10-08 14:00:52] User: jackson | Action: downloaded_confidential_file
[2026-10-07 12:14:52] User: karina | Action: deleted_database
[2026-10-08 06:04:52] User: willow | Action: downloaded_confidential_file
[2026-10-03 09:00:52] User: lily | Action: read_email
[2026-10-03 03:10:52] User: suspect66 | Action: accessed_shared_drive
[2026-10-08 03:42:52] User: nicole | Action: deleted_database
[2026-10-05 02:19:52] User: margaret | Action: logged_out
[2026-10-08 12:38:52] User: thomas | Action: password_changed
[2026-10-08 09:17:52] User: matilda | Action: logged_in
[2026-10-03 08:58:52] User: alex | Action: downloaded_confidential_file
[2026-10-07 14:05:52] User: margaret | Action: failed_login
[2026-10-03 10:13:52] User: matilda | Action: logged_in
[2026-10-07 17:50:52] User: felix | Action: failed_login
[2026-10-04 09:05:52] User: julie | Action: update_profile
[2026-10-03 09:42:52] User: jackson | Action: password_changed
[2026-10-02 11:47:52] User: kevin | Action: downloaded_confidential_file
[2026-10-07 21:31:52] User: jane | Action: update_profile
[2026-10-02 17:23:52] User: luca | Action: logged_in
[2026-10-07 16:41:52] User: elisabetta | Action: logged_in
[2026-10-07 08:24:52] User: jennie | Action: password_changed
[2026-10-04 18:19:52] User: luca | Action: accessed_shared_drive
[2026-10-04 07:21:52] User: namjoon | Action: read_email
[2026-10-05 02:44:52] User: diana | Action: update_profile
[2026-10-08 16:20:52] User: willow | Action: update_profile
[2026-10-05 17:43:52] User: yoonki | Action: read_email
[2026-10-06 04:21:52] User: namjoon | Action: update_profile
[2026-10-06 17:24:52] User: chloe | Action: logged_out
[2026-10-03 17:04:52] User: james | Action: deleted_database
[2026-10-07 20:54:52] User: laura | Action: logged_in
[2026-10-05 00:51:52] User: thomas | Action: failed_login
[2026-10-02 16:35:52] User: matilda | Action: accessed_shared_drive
[2026-10-06 20:20:52] User: margaret | Action: read_email
[2026-10-07 14:31:52] User: jennie | Action: downloaded_confidential_file
[2026-10-08 21:10:52] User: kevin | Action: logged_in
[2026-10-03 16:18:52] User: lily | Action: logged_in
[2026-10-06 08:20:52] User: henry | Action: failed_login
[2026-10-07 05:41:52] User: elisabetta | Action: failed_login
[2026-10-06 00:14:52] User: jane | Action: read_email
[2026-10-08 06:11:52] User: william | Action: logged_in
[2026-10-03 18:24:52] User: henry | Action: update_profile
[2026-10-08 03:18:52] User: antonio | Action: password_changed
[2026-10-03 20:23:52] User: felix | Action: failed_login
[2026-10-02 21:27:52] User: luca | Action: update_profile
[2026-10-05 07:24:52] User: elisabetta | Action: logged_out
[2026-10-06 01:51:52] User: matilda | Action: logged_in
[2026-10-08 05:37:52] User: lily | Action: accessed_shared_drive
[2026-10-05 16:34:52] User: thomas | Action: deleted_database
[2026-10-06 07:11:52] User: namjoon | Action: logged_in
[2026-10-06 10:11:52] User: rebecca | Action: downloaded_confidential_file
[2026-10-08 06:22:52] User: jane | Action: read_email
[2026-10-04 21:55:52] User: jennie | Action: deleted_database
[2026-10-06 18:00:52] User: james | Action: logged_in
[2026-10-03 14:13:52] User: antonio | Action: downloaded_confidential_file
[2026-10-05 03:01:52] User: jimin | Action: update_profile
[2026-10-06 12:41:52] User: felix | Action: deleted_database
[2026-10-07 17:23:52] User: jackson | Action: deleted_database
[2026-10-08 06:58:52] User: alex | Action: update_profile
[2026-10-06 15:27:52] User: thomas | Action: logged_in
[2026-10-05 00:38:52] User: james | Action: deleted_database
[2026-10-03 13:09:52] User: alex | Action: password_changed
[2026-10-04 20:02:52] User: jungkook | Action: downloaded_confidential_file
[2026-10-04 15:15:52] User: alex | Action: read_email
[2026-10-04 21:10:52] User: rebecca | Action: read_email
[2026-10-07 20:17:52] User: diana | Action: logged_out
[2026-10-03 20:43:52] User: thomas | Action: read_email
[2026-10-05 02:27:52] User: james | Action: read_email
[2026-10-03 09:08:52] User: chloe | Action: downloaded_confidential_file
[2026-10-05 04:21:52] User: elisabetta | Action: read_email
[2026-10-08 15:27:52] User: jennie | Action: password_changed
[2026-10-06 11:00:52] User: karina | Action: read_email
[2026-10-03 18:51:52] User: rebecca | Action: deleted_database
[2026-10-06 05:08:52] User: elisabetta | Action: update_profile
[2026-10-04 15:46:52] User: chloe | Action: logged_in
[2026-10-02 16:55:52] User: yoonki | Action: read_email
[2026-10-08 14:10:52] User: elisabetta | Action: deleted_database
[2026-10-02 17:12:52] User: william | Action: update_profile
[2026-10-05 18:59:52] User: thomas | Action: accessed_shared_drive
[2026-10-02 08:17:52] User: thomas | Action: update_profile
[2026-10-05 22:39:52] User: sarah | Action: read_email
[2026-10-05 20:39:52] User: james | Action: accessed_shared_drive
[2026-10-04 20:20:52] User: jisoo | Action: logged_out
[2026-10-03 11:31:52] User: jennie | Action: read_email
[2026-10-04 06:28:52] User: chloe | Action: failed_login
[2026-10-03 20:03:52] User: rebecca | Action: update_profile
[2026-10-02 22:12:52] User: jimin | Action: deleted_database
[2026-10-03 05:42:52] User: antonio | Action: deleted_database
[2026-10-06 03:35:52] User: willow | Action: read_email
[2026-10-03 16:16:52] User: emily | Action: downloaded_confidential_file
[2026-10-07 19:17:52] User: henry | Action: password_changed
[2026-10-02 23:02:52] User: thomas | Action: update_profile
[2026-10-04 08:30:52] User: suspect66 | Action: deleted_database
[2026-10-08 16:25:52] User: jisoo | Action: accessed_shared_drive
[2026-10-08 00:11:52] User: willow | Action: update_profile
[2026-10-08 10:21:52] User: jane | Action: downloaded_confidential_file
[2026-10-06 20:43:52] User: felix | Action: update_profile
[2026-10-08 13:43:52] User: henry | Action: downloaded_confidential_file
[2026-10-08 17:58:52] User: karina | Action: update_profile
[2026-10-05 22:43:52] User: james | Action: deleted_database
[2026-10-06 22:51:52] User: emily | Action: password_changed
[2026-10-07 11:39:52] User: jackson | Action: read_email
[2026-10-08 04:00:52] User: laura | Action: update_profile
[2026-10-07 16:52:52] User: lily | Action: logged_in
[2026-10-04 04:55:52] User: james | Action: downloaded_confidential_file
[2026-10-07 02:14:52] User: jisoo | Action: deleted_database
[2026-10-02 07:17:52] User: karina | Action: update_profile
[2026-10-03 17:15:52] User: kevin | Action: failed_login
[2026-10-06 05:41:52] User: jin | Action: read_email
[2026-10-07 23:44:52] User: matilda | Action: read_email
[2026-10-03 15:40:52] User: thomas | Action: password_changed
[2026-10-05 15:44:52] User: sarah | Action: update_profile
[2026-10-04 16:03:52] User: jisoo | Action: logged_in
[2026-10-03 15:28:52] User: suspect66 | Action: update_profile
[2026-10-02 16:58:52] User: luca | Action: deleted_database
[2026-10-03 12:30:52] User: diana | Action: logged_in
[2026-10-03 14:19:52] User: willow | Action: logged_out
[2026-10-06 18:02:52] User: james | Action: downloaded_confidential_file
[2026-10-03 09:19:52] User: sarah | Action: accessed_shared_drive
[2026-10-03 09:09:52] User: laura | Action: deleted_database
[2026-10-07 10:36:52] User: laura | Action: logged_in
[2026-10-02 18:03:52] User: felix | Action: downloaded_confidential_file
[2026-10-05 03:33:52] User: luca | Action: update_profile
[2026-10-08 11:17:52] User: henry | Action: password_changed
[2026-10-05 15:36:52] User: jennie | Action: downloaded_confidential_file
[2026-10-08 15:31:52] User: margaret | Action: deleted_database
[2026-10-05 20:47:52] User: alex | Action: password_changed
[2026-10-04 16:37:52] User: suspect66 | Action: downloaded_confidential_file
[2026-10-08 07:08:52] User: alex | Action: downloaded_confidential_file
[2026-10-05 07:55:52] User: alex | Action: password_changed
[2026-10-03 08:54:52] User: jin | Action: accessed_shared_drive
[2026-10-02 03:46:52] User: emily | Action: logged_in
[2026-10-04 03:57:52] User: karina | Action: logged_in
[2026-10-03 07:06:52] User: henry | Action: downloaded_confidential_file
[2026-10-04 03:33:52] User: jimin | Action: read_email
[2026-10-04 05:36:52] User: henry | Action: accessed_shared_drive
[2026-10-05 18:03:52] User: diana | Action: accessed_shared_drive
[2026-10-07 23:49:52] User: jin | Action: password_changed
[2026-10-07 21:25:52] User: julie | Action: password_changed
[2026-10-07 16:34:52] User: jungkook | Action: failed_login
[2026-10-06 05:44:52] User: jane | Action: deleted_database
[2026-10-05 17:26:52] User: emily | Action: logged_in
[2026-10-07 01:54:52] User: jane | Action: accessed_shared_drive
[2026-10-03 20:56:52] User: jane | Action: deleted_database
[2026-10-04 01:53:52] User: karina | Action: logged_in
[2026-10-07 04:31:52] User: jungkook | Action: password_changed
[2026-10-07 07:55:52] User: namjoon | Action: logged_out
[2026-10-07 12:14:52] User: alex | Action: accessed_shared_drive
[2026-10-07 07:58:52] User: namjoon | Action: update_profile
[2026-10-08 15:15:52] User: matilda | Action: logged_out
[2026-10-05 14:08:52] User: sarah | Action: logged_in
[2026-10-06 00:45:52] User: rebecca | Action: failed_login
[2026-10-03 02:18:52] User: jin | Action: accessed_shared_drive
[2026-10-03 14:02:52] User: rebecca | Action: accessed_shared_drive
[2026-10-04 02:43:52] User: laura | Action: logged_out
[2026-10-04 14:00:52] User: jungkook | Action: accessed_shared_drive
[2026-10-06 03:36:52] User: sarah | Action: downloaded_confidential_file
[2026-10-07 13:31:52] User: kevin | Action: deleted_database
[2026-10-06 13:56:52] User: lisa | Action: accessed_shared_drive
[2026-10-08 00:40:52] User: henry | Action: failed_login
[2026-10-06 05:37:52] User: margaret | Action: logged_out
[2026-10-08 14:12:52] User: william | Action: password_changed
[2026-10-05 06:59:52] User: felix | Action: read_email
[2026-10-05 19:21:52] User: alex | Action: password_changed
[2026-10-03 08:37:52] User: margaret | Action: accessed_shared_drive
[2026-10-08 22:21:52] User: francesca | Action: update_profile
[2026-10-02 20:56:52] User: jungkook | Action: deleted_database
[2026-10-05 16:41:52] User: nicole | Action: logged_out
[2026-10-04 02:45:52] User: jin | Action: logged_in
[2026-10-07 17:31:52] User: julie | Action: accessed_shared_drive
[2026-10-08 21:12:52] User: laura | Action: accessed_shared_drive
[2026-10-05 13:16:52] User: felix | Action: password_changed
[2026-10-03 09:06:52] User: namjoon | Action: password_changed
[2026-10-07 14:25:52] User: willow | Action: read_email
[2026-10-02 05:43:52] User: felix | Action: update_profile
[2026-10-04 15:54:52] User: diana | Action: logged_out
[2026-10-04 00:30:52] User: rebecca | Action: downloaded_confidential_file
[2026-10-02 02:30:52] User: willow | Action: downloaded_confidential_file
[2026-10-06 01:31:52] User: lily | Action: failed_login
[2026-10-02 08:53:52] User: alex | Action: downloaded_confidential_file
[2026-10-02 11:00:52] User: francesca | Action: logged_out
[2026-10-03 08:17:52] User: jackson | Action: accessed_shared_drive
[2026-10-06 11:37:52] User: lisa | Action: logged_out
[2026-10-06 18:44:52] User: jimin | Action: deleted_database
[2026-10-05 02:50:52] User: lisa | Action: update_profile
[2026-10-05 04:22:52] User: kevin | Action: accessed_shared_drive
[2026-10-03 06:04:52] User: yoonki | Action: deleted_database
[2026-10-05 08:53:52] User: jennie | Action: deleted_database
[2026-10-03 11:18:52] User: francesca | Action: logged_in
[2026-10-03 18:36:52] User: margaret | Action: failed_login
[2026-10-02 04:57:52] User: antonio | Action: logged_in
[2026-10-04 20:27:52] User: willow | Action: accessed_shared_drive
[2026-10-04 08:25:52] User: felix | Action: read_email
[2026-10-02 07:36:52] User: felix | Action: downloaded_confidential_file
[2026-10-08 20:48:52] User: felix | Action: failed_login
[2026-10-06 00:57:52] User: jisoo | Action: password_changed
[2026-10-06 11:12:52] User: jisoo | Action: downloaded_confidential_file
[2026-10-05 21:05:52] User: emily | Action: password_changed
[2026-10-07 03:09:52] User: william | Action: update_profile
[2026-10-04 17:01:52] User: alex | Action: password_changed
[2026-10-07 03:25:52] User: matilda | Action: logged_out
[2026-10-04 11:53:52] User: karina | Action: logged_in
[2026-10-05 06:07:52] User: jennie | Action: logged_out
[2026-10-05 07:47:52] User: emily | Action: update_profile
[2026-10-02 01:12:52] User: jimin | Action: downloaded_confidential_file
[2026-10-08 02:58:52] User: nicole | Action: accessed_shared_drive
[2026-10-08 14:57:52] User: matilda | Action: read_email
[2026-10-03 01:53:52] User: lisa | Action: logged_in
[2026-10-06 10:09:52] User: francesca | Action: logged_out
[2026-10-08 14:23:52] User: jungkook | Action: read_email
[2026-10-04 06:14:52] User: willow | Action: logged_out
[2026-10-05 23:49:52] User: emily | Action: downloaded_confidential_file
[2026-10-04 16:30:52] User: emily | Action: deleted_database
[2026-10-06 12:47:52] User: laura | Action: password_changed
[2026-10-06 18:12:52] User: felix | Action: logged_in
[2026-10-06 10:27:52] User: luca | Action: read_email
[2026-10-07 06:25:52] User: laura | Action: password_changed
[2026-10-08 08:21:52] User: jackson | Action: logged_in
[2026-10-02 10:53:52] User: henry | Action: update_profile
[2026-10-07 23:09:52] User: lily | Action: logged_in
[2026-10-06 20:15:52] User: rebecca | Action: update_profile
[2026-10-02 14:52:52] User: julie | Action: logged_in
[2026-10-05 23:31:52] User: suspect66 | Action: update_profile
[2026-10-06 08:14:52] User: jimin | Action: logged_in
[2026-10-07 05:15:52] User: karina | Action: logged_in
[2026-10-08 06:16:52] User: willow | Action: logged_out
[2026-10-04 10:36:52] User: sarah | Action: failed_login
[2026-10-03 09:59:52] User: margaret | Action: accessed_shared_drive
[2026-10-02 19:03:52] User: jungkook | Action: failed_login
[2026-10-02 07:42:52] User: kevin | Action: read_email
[2026-10-03 13:59:52] User: antonio | Action: update_profile
[2026-10-04 21:02:52] User: alex | Action: update_profile
[2026-10-05 00:57:52] User: lisa | Action: update_profile
[2026-10-08 13:07:52] User: luca | Action: password_changed
[2026-10-07 18:01:52] User: nicole | Action: logged_out
[2026-10-06 04:52:52] User: julie | Action: password_changed
[2026-10-02 03:33:52] User: suspect66 | Action: failed_login
[2026-10-02 19:05:52] User: lily | Action: accessed_shared_drive
[2026-10-07 22:06:52] User: karina | Action: update_profile
[2026-10-08 13:26:52] User: emily | Action: read_email
[2026-10-07 10:43:52] User: julie | Action: downloaded_confidential_file
[2026-10-05 13:31:52] User: jin | Action: deleted_database
[2026-10-05 03:32:52] User: rebecca | Action: failed_login
[2026-10-04 08:50:52] User: lily | Action: password_changed
[2026-10-04 00:39:52] User: suspect66 | Action: failed_login
[2026-10-05 03:02:52] User: namjoon | Action: password_changed
[2026-10-05 18:46:52] User: julie | Action: update_profile
[2026-10-07 19:03:52] User: chloe | Action: logged_in
[2026-10-04 12:19:52] User: yoonki | Action: read_email
[2026-10-05 11:34:52] User: francesca | Action: password_changed
[2026-10-05 21:17:52] User: diana | Action: update_profile
[2026-10-02 00:32:52] User: francesca | Action: logged_out
[2026-10-07 11:52:52] User: laura | Action: read_email
[2026-10-08 14:36:52] User: thomas | Action: accessed_shared_drive
[2026-10-04 07:21:52] User: kevin | Action: read_email
[2026-10-07 07:56:52] User: kevin | Action: read_email
[2026-10-04 00:26:52] User: jin | Action: failed_login
[2026-10-03 17:19:52] User: jisoo | Action: update_profile
[2026-10-07 14:55:52] User: sarah | Action: downloaded_confidential_file
[2026-10-02 08:22:52] User: alex | Action: accessed_shared_drive
[2026-10-03 13:14:52] User: william | Action: read_email
[2026-10-03 07:19:52] User: jennie | Action: downloaded_confidential_file
[2026-10-02 19:31:52] User: chloe | Action: failed_login
[2026-10-06 15:42:52] User: sarah | Action: read_email
[2026-10-04 05:18:52] User: luca | Action: failed_login
[2026-10-08 06:35:52] User: james | Action: update_profile
[2026-10-03 23:36:52] User: jane | Action: read_email
[2026-10-04 10:44:52] User: emily | Action: read_email
[2026-10-07 13:59:52] User: lily | Action: update_profile
[2026-10-02 16:43:52] User: karina | Action: failed_login
[2026-10-07 12:42:52] User: jin | Action: logged_in
[2026-10-04 04:00:52] User: elisabetta | Action: failed_login
[2026-10-05 03:13:52] User: julie | Action: read_email
[2026-10-02 03:37:52] User: lisa | Action: accessed_shared_drive
[2026-10-05 01:27:52] User: jungkook | Action: update_profile
[2026-10-04 20:15:52] User: henry | Action: accessed_shared_drive
[2026-10-04 14:34:52] User: julie | Action: password_changed
[2026-10-02 18:08:52] User: alex | Action: failed_login
[2026-10-07 20:57:52] User: diana | Action: logged_out
[2026-10-07 11:54:52] User: margaret | Action: failed_login
[2026-10-06 10:13:52] User: kevin | Action: logged_out
[2026-10-08 14:13:52] User: chloe | Action: deleted_database
[2026-10-07 05:14:52] User: suspect66 | Action: logged_in
[2026-10-05 11:00:52] User: jackson | Action: failed_login
[2026-10-03 06:45:52] User: jimin | Action: password_changed
[2026-10-03 08:44:52] User: rebecca | Action: update_profile
[2026-10-08 17:29:52] User: alex | Action: logged_in
[2026-10-08 03:39:52] User: jisoo | Action: accessed_shared_drive
[2026-10-08 13:25:52] User: jennie | Action: read_email
[2026-10-08 00:18:52] User: lisa | Action: failed_login
[2026-10-03 14:26:52] User: luca | Action: logged_out
[2026-10-05 20:21:52] User: emily | Action: logged_out
[2026-10-07 22:29:52] User: laura | Action: logged_in
[2026-10-05 20:13:52] User: luca | Action: downloaded_confidential_file
[2026-10-04 23:56:52] User: lily | Action: password_changed
[2026-10-03 17:00:52] User: yoonki | Action: logged_out
[2026-10-04 10:28:52] User: jin | Action: logged_in
[2026-10-05 18:53:52] User: antonio | Action: update_profile
[2026-10-05 11:18:52] User: lily | Action: logged_in
[2026-10-04 20:02:52] User: suspect66 | Action: update_profile
[2026-10-03 11:58:52] User: jimin | Action: update_profile
[2026-10-02 06:36:52] User: jennie | Action: logged_in
[2026-10-02 01:14:52] User: yoonki | Action: update_profile
[2026-10-04 03:35:52] User: julie | Action: accessed_shared_drive
[2026-10-05 15:36:52] User: yoonki | Action: deleted_database
[2026-10-06 11:15:52] User: diana | Action: downloaded_confidential_file
[2026-10-02 03:51:52] User: william | Action: accessed_shared_drive
[2026-10-03 14:35:52] User: francesca | Action: password_changed
[2026-10-05 09:54:52] User: james | Action: update_profile
[2026-10-07 13:00:52] User: karina | Action: password_changed
[2026-10-07 12:27:52] User: francesca | Action: downloaded_confidential_file
[2026-10-02 20:02:52] User: jane | Action: logged_out
[2026-10-02 17:24:52] User: thomas | Action: password_changed
[2026-10-05 04:58:52] User: felix | Action: failed_login
[2026-10-04 14:30:52] User: matilda | Action: accessed_shared_drive
[2026-10-03 11:04:52] User: jackson | Action: downloaded_confidential_file
[2026-10-04 07:35:52] User: alex | Action: password_changed
[2026-10-08 00:18:52] User: sarah | Action: failed_login
[2026-10-06 04:32:52] User: matilda | Action: read_email
[2026-10-07 19:12:52] User: luca | Action: password_changed
[2026-10-08 09:09:52] User: jane | Action: update_profile
[2026-10-05 19:03:52] User: suspect66 | Action: downloaded_confidential_file
[2026-10-08 18:49:52] User: margaret | Action: logged_out
[2026-10-02 06:05:52] User: karina | Action: update_profile
[2026-10-06 18:41:52] User: julie | Action: password_changed
[2026-10-07 14:02:52] User: kevin | Action: accessed_shared_drive
[2026-10-06 02:35:52] User: margaret | Action: deleted_database
[2026-10-06 05:04:52] User: jimin | Action: update_profile
[2026-10-06 12:42:52] User: jin | Action: password_changed
[2026-10-06 11:54:52] User: thomas | Action: logged_out
[2026-10-02 16:05:52] User: jimin | Action: logged_out
[2026-10-03 22:24:52] User: francesca | Action: accessed_shared_drive
[2026-10-02 00:39:52] User: lisa | Action: password_changed
[2026-10-08 19:43:52] User: jennie | Action: logged_out
[2026-10-05 03:37:52] User: lisa | Action: update_profile
[2026-10-02 08:18:52] User: felix | Action: downloaded_confidential_file
[2026-10-06 20:11:52] User: emily | Action: downloaded_confidential_file
[2026-10-03 09:59:52] User: suspect66 | Action: update_profile
[2026-10-05 06:28:52] User: jungkook | Action: accessed_shared_drive
[2026-10-03 01:03:52] User: jin | Action: downloaded_confidential_file
[2026-10-06 05:02:52] User: lisa | Action: failed_login
[2026-10-02 05:58:52] User: jin | Action: downloaded_confidential_file
[2026-10-08 17:31:52] User: rebecca | Action: update_profile
[2026-10-08 11:31:52] User: sarah | Action: downloaded_confidential_file
[2026-10-02 23:54:52] User: jin | Action: downloaded_confidential_file
[2026-10-06 20:11:52] User: james | Action: failed_login
[2026-10-02 10:06:52] User: suspect66 | Action: read_email
[2026-10-08 17:58:52] User: julie | Action: deleted_database
[2026-10-05 01:55:52] User: emily | Action: logged_in
[2026-10-06 07:39:52] User: alex | Action: logged_out
[2026-10-08 07:23:52] User: antonio | Action: read_email
[2026-10-06 20:29:52] User: james | Action: deleted_database
[2026-10-04 02:29:52] User: james | Action: accessed_shared_drive
[2026-10-06 14:57:52] User: sarah | Action: logged_in
[2026-10-08 16:33:52] User: francesca | Action: logged_out
[2026-10-06 12:40:52] User: luca | Action: accessed_shared_drive
[2026-10-03 17:21:52] User: karina | Action: password_changed
[2026-10-03 02:39:52] User: antonio | Action: logged_out
[2026-10-08 18:13:52] User: jennie | Action: read_email
[2026-10-06 21:39:52] User: luca | Action: logged_in
[2026-10-04 09:28:52] User: jennie | Action: accessed_shared_drive
[2026-10-07 23:26:52] User: willow | Action: read_email
[2026-10-08 11:24:52] User: alex | Action: downloaded_confidential_file
[2026-10-08 13:09:52] User: emily | Action: failed_login
[2026-10-08 15:25:52] User: yoonki | Action: read_email
[2026-10-04 07:42:52] User: lisa | Action: failed_login
[2026-10-03 22:21:52] User: elisabetta | Action: failed_login
[2026-10-05 09:43:52] User: jane | Action: accessed_shared_drive
[2026-10-03 09:28:52] User: jungkook | Action: logged_in
[2026-10-06 23:13:52] User: thomas | Action: read_email
[2026-10-02 01:56:52] User: kevin | Action: read_email
[2026-10-07 08:07:52] User: lily | Action: logged_out
[2026-10-03 11:13:52] User: lisa | Action: read_email
[2026-10-03 05:17:52] User: karina | Action: read_email
[2026-10-06 08:13:52] User: jimin | Action: password_changed
[2026-10-06 11:35:52] User: willow | Action: downloaded_confidential_file
[2026-10-05 02:51:52] User: matilda | Action: deleted_database
[2026-10-03 23:26:52] User: luca | Action: password_changed
[2026-10-07 19:23:52] User: francesca | Action: logged_in
[2026-10-07 01:13:52] User: henry | Action: logged_out
[2026-10-06 15:14:52] User: francesca | Action: read_email
[2026-10-08 17:20:52] User: jimin | Action: deleted_database
[2026-10-08 14:39:52] User: jennie | Action: password_changed
[2026-10-02 20:45:52] User: jane | Action: deleted_database
[2026-10-03 17:16:52] User: jackson | Action: update_profile
[2026-10-03 13:31:52] User: laura | Action: read_email
[2026-10-02 14:42:52] User: william | Action: failed_login
[2026-10-04 03:48:52] User: nicole | Action: password_changed
[2026-10-02 01:03:52] User: lily | Action: accessed_shared_drive
[2026-10-05 17:32:52] User: antonio | Action: password_changed
[2026-10-07 17:49:52] User: henry | Action: logged_out
[2026-10-03 23:04:52] User: suspect66 | Action: downloaded_confidential_file
[2026-10-04 09:05:52] User: chloe | Action: read_email
[2026-10-03 05:56:52] User: matilda | Action: update_profile
[2026-10-06 00:36:52] User: emily | Action: logged_in
[2026-10-08 06:02:52] User: sarah | Action: logged_in
[2026-10-02 19:44:52] User: jane | Action: downloaded_confidential_file
[2026-10-02 20:20:52] User: yoonki | Action: logged_out
[2026-10-06 11:26:52] User: willow | Action: accessed_shared_drive
[2026-10-04 22:53:52] User: yoonki | Action: logged_in
[2026-10-05 19:31:52] User: chloe | Action: read_email
[2026-10-07 06:44:52] User: nicole | Action: update_profile
[2026-10-04 07:43:52] User: lisa | Action: failed_login
[2026-10-06 13:56:52] User: jin | Action: failed_login
[2026-10-07 03:40:52] User: diana | Action: logged_out
[2026-10-03 16:16:52] User: julie | Action: logged_in
[2026-10-07 09:02:52] User: rebecca | Action: deleted_database
[2026-10-04 14:25:52] User: jennie | Action: logged_in
[2026-10-06 18:47:52] User: diana | Action: logged_out
[2026-10-02 13:12:52] User: rebecca | Action: failed_login
[2026-10-05 22:15:52] User: suspect66 | Action: update_profile
[2026-10-08 14:15:52] User: william | Action: failed_login
[2026-10-06 09:23:52] User: jungkook | Action: read_email
[2026-10-06 15:27:52] User: kevin | Action: accessed_shared_drive
[2026-10-04 10:48:52] User: yoonki | Action: deleted_database
[2026-10-03 14:06:52] User: antonio | Action: logged_in
[2026-10-02 16:47:52] User: jin | Action: update_profile
[2026-10-05 09:26:52] User: jennie | Action: failed_login
[2026-10-05 00:23:52] User: thomas | Action: update_profile
[2026-10-04 17:04:52] User: henry | Action: deleted_database
[2026-10-02 03:17:52] User: margaret | Action: logged_out
[2026-10-06 12:19:52] User: emily | Action: accessed_shared_drive
[2026-10-03 00:50:52] User: antonio | Action: update_profile
[2026-10-03 05:51:52] User: felix | Action: password_changed
[2026-10-02 07:43:52] User: felix | Action: downloaded_confidential_file
[2026-10-05 09:16:52] User: diana | Action: logged_out
[2026-10-02 21:02:52] User: kevin | Action: accessed_shared_drive
[2026-10-02 17:47:52] User: jin | Action: read_email
[2026-10-06 11:59:52] User: namjoon | Action: update_profile
[2026-10-03 18:46:52] User: william | Action: accessed_shared_drive
[2026-10-05 14:08:52] User: kevin | Action: failed_login
[2026-10-03 08:19:52] User: francesca | Action: failed_login
[2026-10-04 10:10:52] User: nicole | Action: downloaded_confidential_file
[2026-10-08 03:09:52] User: rebecca | Action: logged_in
[2026-10-06 02:29:52] User: namjoon | Action: update_profile
[2026-10-06 20:20:52] User: william | Action: failed_login
[2026-10-08 08:29:52] User: elisabetta | Action: logged_in
[2026-10-05 06:10:52] User: kevin | Action: password_changed
[2026-10-05 13:37:52] User: antonio | Action: accessed_shared_drive
[2026-10-02 20:02:52] User: namjoon | Action: password_changed
[2026-10-08 06:33:52] User: jimin | Action: logged_out
[2026-10-08 04:40:52] User: willow | Action: logged_out
[2026-10-08 09:29:52] User: jimin | Action: update_profile
[2026-10-02 11:40:52] User: diana | Action: update_profile
[2026-10-07 02:54:52] User: kevin | Action: downloaded_confidential_file
[2026-10-03 09:21:52] User: kevin | Action: read_email
[2026-10-05 03:09:52] User: jane | Action: deleted_database
[2026-10-07 19:44:52] User: jackson | Action: update_profile
[2026-10-04 11:06:52] User: namjoon | Action: downloaded_confidential_file
[2026-10-03 18:31:52] User: antonio | Action: update_profile
[2026-10-04 04:49:52] User: chloe | Action: read_email
[2026-10-03 19:43:52] User: william | Action: downloaded_confidential_file
[2026-10-06 22:55:52] User: karina | Action: accessed_shared_drive
[2026-10-04 11:55:52] User: namjoon | Action: logged_out
[2026-10-03 13:06:52] User: francesca | Action: update_profile
[2026-10-03 15:50:52] User: antonio | Action: deleted_database
[2026-10-03 02:37:52] User: margaret | Action: logged_in
[2026-10-02 20:15:52] User: thomas | Action: accessed_shared_drive
[2026-10-04 16:53:52] User: chloe | Action: failed_login
[2026-10-08 22:17:52] User: elisabetta | Action: read_email
[2026-10-02 17:45:52] User: rebecca | Action: accessed_shared_drive
[2026-10-03 08:42:52] User: suspect66 | Action: update_profile
[2026-10-06 09:12:52] User: julie | Action: deleted_database
[2026-10-05 11:40:52] User: chloe | Action: downloaded_confidential_file
[2026-10-08 18:25:52] User: alex | Action: update_profile
[2026-10-05 22:03:52] User: jisoo | Action: logged_out
[2026-10-05 07:42:52] User: william | Action: logged_in
[2026-10-07 14:44:52] User: kevin | Action: accessed_shared_drive
[2026-10-04 07:56:52] User: nicole | Action: accessed_shared_drive
[2026-10-07 03:56:52] User: james | Action: failed_login
[2026-10-03 01:18:52] User: namjoon | Action: logged_out
[2026-10-06 14:02:52] User: jennie | Action: deleted_database
[2026-10-07 05:49:52] User: karina | Action: logged_in
[2026-10-05 04:09:52] User: chloe | Action: password_changed
[2026-10-02 01:32:52] User: yoonki | Action: read_email
[2026-10-03 05:55:52] User: felix | Action: password_changed
[2026-10-05 01:55:52] User: laura | Action: update_profile
[2026-10-04 12:47:52] User: rebecca | Action: downloaded_confidential_file
[2026-10-02 09:06:52] User: jungkook | Action: password_changed
[2026-10-06 20:57:52] User: thomas | Action: downloaded_confidential_file
[2026-10-04 15:30:52] User: matilda | Action: logged_in
[2026-10-03 11:11:52] User: jin | Action: deleted_database
[2026-10-06 04:30:52] User: lily | Action: password_changed
[2026-10-03 03:44:52] User: felix | Action: failed_login
[2026-10-07 11:08:52] User: namjoon | Action: downloaded_confidential_file
[2026-10-03 00:31:52] User: laura | Action: accessed_shared_drive
[2026-10-02 05:56:52] User: jisoo | Action: password_changed
[2026-10-03 22:24:52] User: jane | Action: downloaded_confidential_file
[2026-10-08 01:43:52] User: rebecca | Action: password_changed
[2026-10-06 13:56:52] User: thomas | Action: update_profile
[2026-10-03 04:07:52] User: yoonki | Action: downloaded_confidential_file
[2026-10-08 11:24:52] User: luca | Action: update_profile
[2026-10-08 03:32:52] User: laura | Action: update_profile
[2026-10-05 15:37:52] User: jisoo | Action: password_changed
[2026-10-02 05:39:52] User: alex | Action: downloaded_confidential_file
[2026-10-05 11:19:52] User: julie | Action: failed_login
[2026-10-03 06:54:52] User: jackson | Action: logged_out
[2026-10-06 20:52:52] User: matilda | Action: password_changed
[2026-10-02 01:16:52] User: kevin | Action: downloaded_confidential_file
[2026-10-06 21:21:52] User: jin | Action: downloaded_confidential_file
[2026-10-03 05:04:52] User: antonio | Action: downloaded_confidential_file
[2026-10-07 03:39:52] User: matilda | Action: update_profile
[2026-10-05 19:47:52] User: alex | Action: update_profile
[2026-10-03 12:04:52] User: suspect66 | Action: failed_login
[2026-10-05 01:10:52] User: francesca | Action: password_changed
[2026-10-02 09:43:52] User: luca | Action: downloaded_confidential_file
[2026-10-06 11:41:52] User: diana | Action: downloaded_confidential_file
[2026-10-07 14:03:52] User: kevin | Action: logged_out
[2026-10-03 22:15:52] User: karina | Action: logged_in
[2026-10-02 03:59:52] User: karina | Action: read_email
[2026-10-03 11:05:52] User: jisoo | Action: downloaded_confidential_file
[2026-10-07 09:08:52] User: kevin | Action: logged_in
[2026-10-02 14:18:52] User: willow | Action: read_email
[2026-10-06 21:23:52] User: kevin | Action: accessed_shared_drive
[2026-10-02 01:37:52] User: elisabetta | Action: update_profile
[2026-10-04 14:47:52] User: antonio | Action: deleted_database
[2026-10-07 12:20:52] User: james | Action: logged_in
[2026-10-03 22:58:52] User: jackson | Action: password_changed
[2026-10-08 22:14:52] User: laura | Action: accessed_shared_drive
[2026-10-06 13:14:52] User: willow | Action: logged_out
[2026-10-02 07:29:52] User: margaret | Action: update_profile
[2026-10-08 08:23:52] User: rebecca | Action: failed_login
[2026-10-02 12:15:52] User: willow | Action: deleted_database
[2026-10-08 09:35:52] User: lisa | Action: update_profile
[2026-10-07 11:32:52] User: francesca | Action: update_profile
[2026-10-06 05:55:52] User: felix | Action: update_profile
[2026-10-04 15:30:52] User: yoonki | Action: accessed_shared_drive
[2026-10-07 17:45:52] User: william | Action: logged_in
[2026-10-04 09:07:52] User: yoonki | Action: deleted_database
[2026-10-02 06:32:52] User: rebecca | Action: logged_in
[2026-10-04 14:17:52] User: henry | Action: read_email
[2026-10-04 05:14:52] User: jennie | Action: deleted_database
[2026-10-02 15:52:52] User: jane | Action: accessed_shared_drive
[2026-10-05 01:15:52] User: suspect66 | Action: password_changed
[2026-10-02 03:34:52] User: james | Action: downloaded_confidential_file
[2026-10-04 22:59:52] User: sarah | Action: password_changed
[2026-10-07 10:07:52] User: alex | Action: failed_login
[2026-10-03 02:08:52] User: francesca | Action: password_changed
[2026-10-03 20:44:52] User: antonio | Action: logged_in
[2026-10-06 09:20:52] User: henry | Action: downloaded_confidential_file
[2026-10-03 03:57:52] User: jimin | Action: update_profile
[2026-10-08 12:31:52] User: kevin | Action: logged_out
[2026-10-03 04:57:52] User: jimin | Action: failed_login
[2026-10-08 05:36:52] User: jisoo | Action: downloaded_confidential_file
[2026-10-07 09:15:52] User: william | Action: failed_login
[2026-10-03 15:18:52] User: james | Action: logged_out
[2026-10-07 03:07:52] User: laura | Action: deleted_database
[2026-10-04 16:27:52] User: henry | Action: failed_login
[2026-10-06 15:49:52] User: emily | Action: logged_out
[2026-10-06 14:37:52] User: diana | Action: failed_login
[2026-10-03 13:56:52] User: jin | Action: logged_out
[2026-10-04 12:37:52] User: alex | Action: deleted_database
[2026-10-08 05:09:52] User: jimin | Action: password_changed
[2026-10-07 22:16:52] User: laura | Action: failed_login
[2026-10-07 00:44:52] User: emily | Action: logged_in
[2026-10-03 20:32:52] User: karina | Action: read_email
[2026-10-06 16:29:52] User: jackson | Action: read_email
[2026-10-07 19:50:52] User: felix | Action: logged_out
[2026-10-02 16:01:52] User: lily | Action: downloaded_confidential_file
[2026-10-02 16:43:52] User: alex | Action: failed_login
[2026-10-05 14:16:52] User: kevin | Action: logged_out
[2026-10-05 14:52:52] User: matilda | Action: read_email
[2026-10-05 08:26:52] User: elisabetta | Action: logged_out
[2026-10-07 13:38:52] User: lisa | Action: deleted_database
[2026-10-06 16:16:52] User: yoonki | Action: logged_in
[2026-10-02 21:03:52] User: jackson | Action: downloaded_confidential_file
[2026-10-02 08:10:52] User: luca | Action: update_profile
[2026-10-07 14:05:52] User: francesca | Action: downloaded_confidential_file
[2026-10-07 15:55:52] User: thomas | Action: accessed_shared_drive
[2026-10-06 21:22:52] User: francesca | Action: logged_in
[2026-10-04 21:36:52] User: karina | Action: update_profile
[2026-10-07 21:18:52] User: lisa | Action: logged_in
[2026-10-03 11:48:52] User: henry | Action: failed_login
[2026-10-02 15:49:52] User: james | Action: deleted_database
[2026-10-06 08:47:52] User: diana | Action: logged_out
[2026-10-03 00:28:52] User: jungkook | Action: logged_in
[2026-10-02 11:40:52] User: thomas | Action: downloaded_confidential_file
[2026-10-05 15:18:52] User: jane | Action: logged_out
[2026-10-04 18:43:52] User: antonio | Action: logged_out
[2026-10-07 08:48:52] User: jungkook | Action: password_changed
[2026-10-05 23:32:52] User: jungkook | Action: deleted_database
[2026-10-05 10:05:52] User: diana | Action: logged_out
[2026-10-08 18:51:52] User: william | Action: accessed_shared_drive
[2026-10-06 16:58:52] User: jane | Action: deleted_database
[2026-10-02 03:37:52] User: chloe | Action: read_email
[2026-10-06 01:58:52] User: kevin | Action: deleted_database
[2026-10-06 17:03:52] User: yoonki | Action: deleted_database
[2026-10-07 20:11:52] User: antonio | Action: password_changed
[2026-10-08 16:54:52] User: william | Action: failed_login
[2026-10-06 01:26:52] User: jin | Action: update_profile
[2026-10-05 14:10:52] User: chloe | Action: failed_login
[2026-10-03 04:43:52] User: sarah | Action: logged_out
[2026-10-04 22:04:52] User: julie | Action: password_changed
[2026-10-07 14:28:52] User: james | Action: accessed_shared_drive
[2026-10-02 23:58:52] User: sarah | Action: accessed_shared_drive
[2026-10-03 08:03:52] User: chloe | Action: logged_out
[2026-10-05 20:43:52] User: elisabetta | Action: logged_out
[2026-10-08 05:12:52] User: matilda | Action: deleted_database
[2026-10-08 10:53:52] User: thomas | Action: read_email
[2026-10-04 08:07:52] User: karina | Action: failed_login
[2026-10-02 20:37:52] User: karina | Action: password_changed
[2026-10-05 20:06:52] User: diana | Action: accessed_shared_drive
[2026-10-06 18:26:52] User: nicole | Action: failed_login
[2026-10-05 05:39:52] User: yoonki | Action: accessed_shared_drive
[2026-10-02 16:11:52] User: jimin | Action: read_email
[2026-10-06 18:07:52] User: alex | Action: update_profile
[2026-10-02 17:46:52] User: emily | Action: logged_in
[2026-10-08 17:59:52] User: francesca | Action: logged_out
[2026-10-05 09:58:52] User: yoonki | Action: read_email
[2026-10-05 09:44:52] User: chloe | Action: logged_in
[2026-10-08 19:58:52] User: emily | Action: read_email
[2026-10-02 06:59:52] User: elisabetta | Action: password_changed
[2026-10-05 01:17:52] User: jungkook | Action: downloaded_confidential_file
[2026-10-03 13:36:52] User: francesca | Action: logged_out
[2026-10-06 20:57:52] User: rebecca | Action: logged_in
[2026-10-05 14:04:52] User: julie | Action: downloaded_confidential_file
[2026-10-02 09:32:52] User: luca | Action: deleted_database
[2026-10-06 12:22:52] User: felix | Action: downloaded_confidential_file
[2026-10-06 01:51:52] User: suspect66 | Action: accessed_shared_drive
[2026-10-06 23:46:52] User: jackson | Action: update_profile
[2026-10-07 08:10:52] User: jin | Action: failed_login
[2026-10-06 07:19:52] User: karina | Action: failed_login
[2026-10-06 00:10:52] User: james | Action: logged_in
[2026-10-03 20:54:52] User: thomas | Action: accessed_shared_drive
[2026-10-08 02:23:52] User: willow | Action: accessed_shared_drive
[2026-10-04 14:20:52] User: rebecca | Action: logged_in
[2026-10-06 17:01:52] User: thomas | Action: accessed_shared_drive
[2026-10-03 00:15:52] User: william | Action: logged_in
[2026-10-02 02:20:52] User: chloe | Action: deleted_database
[2026-10-05 02:38:52] User: chloe | Action: failed_login
[2026-10-06 11:28:52] User: jimin | Action: failed_login
[2026-10-08 22:52:52] User: jane | Action: logged_out
[2026-10-03 14:16:52] User: elisabetta | Action: accessed_shared_drive
[2026-10-02 12:19:52] User: elisabetta | Action: read_email
[2026-10-02 07:35:52] User: julie | Action: logged_in
[2026-10-04 08:23:52] User: willow | Action: deleted_database
[2026-10-06 04:45:52] User: margaret | Action: accessed_shared_drive
[2026-10-03 13:59:52] User: lisa | Action: deleted_database
[2026-10-05 20:49:52] User: jane | Action: deleted_database
[2026-10-04 15:48:52] User: diana | Action: read_email
[2026-10-03 08:12:52] User: kevin | Action: accessed_shared_drive
[2026-10-03 06:32:52] User: jimin | Action: password_changed
[2026-10-06 06:01:52] User: jane | Action: accessed_shared_drive
[2026-10-05 14:47:52] User: henry | Action: logged_in
[2026-10-06 15:18:52] User: willow | Action: logged_in
[2026-10-03 02:41:52] User: jackson | Action: logged_in
[2026-10-06 07:50:52] User: karina | Action: deleted_database
[2026-10-06 02:52:52] User: alex | Action: read_email
[2026-10-06 22:13:52] User: jackson | Action: logged_out
[2026-10-04 10:26:52] User: francesca | Action: password_changed
[2026-10-05 01:14:52] User: willow | Action: deleted_database
[2026-10-08 10:42:52] User: jisoo | Action: downloaded_confidential_file
[2026-10-04 11:28:52] User: suspect66 | Action: password_changed
[2026-10-03 07:43:52] User: felix | Action: logged_out
[2026-10-07 07:37:52] User: jungkook | Action: password_changed
[2026-10-06 04:31:52] User: chloe | Action: logged_out
[2026-10-02 23:11:52] User: antonio | Action: downloaded_confidential_file
[2026-10-02 16:26:52] User: willow | Action: accessed_shared_drive
[2026-10-07 19:40:52] User: antonio | Action: update_profile
[2026-10-07 16:53:52] User: luca | Action: logged_out
[2026-10-03 16:25:52] User: karina | Action: downloaded_confidential_file
[2026-10-08 00:49:52] User: henry | Action: update_profile
[2026-10-07 11:53:52] User: jennie | Action: read_email
[2026-10-07 05:31:52] User: jennie | Action: password_changed
[2026-10-03 07:46:52] User: alex | Action: accessed_shared_drive
[2026-10-04 19:46:52] User: willow | Action: read_email
[2026-10-05 14:25:52] User: jane | Action: update_profile
[2026-10-08 20:09:52] User: luca | Action: downloaded_confidential_file
[2026-10-02 23:37:52] User: namjoon | Action: accessed_shared_drive
[2026-10-04 18:18:52] User: suspect66 | Action: logged_out
[2026-10-05 07:53:52] User: antonio | Action: logged_out
[2026-10-05 06:07:52] User: namjoon | Action: read_email
[2026-10-02 17:30:52] User: william | Action: accessed_shared_drive
[2026-10-05 23:35:52] User: lisa | Action: downloaded_confidential_file
[2026-10-07 13:13:52] User: lisa | Action: accessed_shared_drive
[2026-10-08 22:54:52] User: antonio | Action: logged_out
[2026-10-04 06:53:52] User: antonio | Action: logged_out
[2026-10-06 07:49:52] User: jackson | Action: password_changed
[2026-10-03 20:40:52] User: antonio | Action: update_profile
[2026-10-07 23:09:52] User: lisa | Action: failed_login
[2026-10-03 01:31:52] User: jin | Action: read_email
[2026-10-03 04:29:52] User: emily | Action: update_profile
[2026-10-03 11:24:52] User: kevin | Action: password_changed
[2026-10-05 10:55:52] User: willow | Action: logged_in
[2026-10-07 11:43:52] User: willow | Action: password_changed
[2026-10-02 15:18:52] User: alex | Action: failed_login
[2026-10-03 09:37:52] User: francesca | Action: deleted_database
[2026-10-05 14:58:52] User: matilda | Action: accessed_shared_drive
[2026-10-05 16:46:52] User: antonio | Action: downloaded_confidential_file
[2026-10-03 09:04:52] User: jungkook | Action: read_email
[2026-10-04 07:31:52] User: felix | Action: password_changed
[2026-10-02 21:13:52] User: willow | Action: failed_login
[2026-10-02 11:39:52] User: jane | Action: read_email
[2026-10-06 06:16:52] User: namjoon | Action: downloaded_confidential_file
[2026-10-07 08:00:52] User: jimin | Action: logged_in
[2026-10-07 07:02:52] User: julie | Action: deleted_database
[2026-10-05 02:52:52] User: emily | Action: read_email
[2026-10-06 04:05:52] User: diana | Action: failed_login
[2026-10-02 11:10:52] User: emily | Action: password_changed
[2026-10-02 18:59:52] User: julie | Action: deleted_database
[2026-10-04 12:37:52] User: jin | Action: logged_out
[2026-10-07 12:19:52] User: willow | Action: logged_in
[2026-10-07 12:23:52] User: yoonki | Action: read_email
[2026-10-08 05:25:52] User: elisabetta | Action: logged_in
[2026-10-06 21:29:52] User: diana | Action: password_changed
[2026-10-02 12:56:52] User: nicole | Action: password_changed
[2026-10-03 06:19:52] User: jane | Action: password_changed
[2026-10-02 11:43:52] User: diana | Action: update_profile
[2026-10-03 20:32:52] User: margaret | Action: update_profile
[2026-10-04 13:39:52] User: diana | Action: accessed_shared_drive
[2026-10-06 11:37:52] User: lisa | Action: password_changed
[2026-10-05 04:25:52] User: james | Action: logged_in
[2026-10-06 21:36:52] User: jin | Action: password_changed
[2026-10-04 16:16:52] User: jungkook | Action: password_changed
[2026-10-03 02:17:52] User: jisoo | Action: deleted_database
[2026-10-03 23:48:52] User: jackson | Action: deleted_database
[2026-10-06 08:12:52] User: rebecca | Action: read_email
[2026-10-05 04:03:52] User: sarah | Action: deleted_database
[2026-10-03 23:38:52] User: jisoo | Action: deleted_database
[2026-10-05 07:34:52] User: namjoon | Action: logged_in
[2026-10-07 17:08:52] User: yoonki | Action: failed_login
[2026-10-08 18:51:52] User: luca | Action: deleted_database
[2026-10-06 05:13:52] User: luca | Action: read_email
[2026-10-04 07:35:52] User: jungkook | Action: read_email
[2026-10-07 12:29:52] User: jisoo | Action: deleted_database
[2026-10-04 00:46:52] User: namjoon | Action: failed_login
[2026-10-05 07:18:52] User: francesca | Action: failed_login
[2026-10-03 11:42:52] User: matilda | Action: read_email
[2026-10-04 11:23:52] User: rebecca | Action: update_profile
[2026-10-02 10:14:52] User: jin | Action: logged_out
[2026-10-02 13:33:52] User: luca | Action: read_email
[2026-10-07 08:02:52] User: nicole | Action: logged_out
[2026-10-04 21:49:52] User: jungkook | Action: logged_in
[2026-10-07 20:01:52] User: emily | Action: downloaded_confidential_file
[2026-10-05 00:42:52] User: jisoo | Action: logged_in
[2026-10-07 09:20:52] User: luca | Action: logged_out
[2026-10-05 11:28:52] User: lily | Action: password_changed
[2026-10-07 13:44:52] User: francesca | Action: accessed_shared_drive
[2026-10-08 02:20:52] User: jin | Action: logged_out
[2026-10-06 03:02:52] User: matilda | Action: deleted_database
[2026-10-08 05:22:52] User: willow | Action: logged_out
[2026-10-07 23:40:52] User: suspect66 | Action: logged_in
[2026-10-02 13:56:52] User: felix | Action: downloaded_confidential_file
[2026-10-07 09:58:52] User: emily | Action: logged_out
[2026-10-08 07:28:52] User: yoonki | Action: read_email
[2026-10-06 14:57:52] User: francesca | Action: password_changed
[2026-10-06 22:34:52] User: henry | Action: update_profile
[2026-10-03 15:56:52] User: karina | Action: downloaded_confidential_file
[2026-10-04 06:17:52] User: jane | Action: downloaded_confidential_file
[2026-10-07 16:49:52] User: elisabetta | Action: deleted_database
[2026-10-04 15:36:52] User: luca | Action: failed_login
[2026-10-04 19:54:52] User: yoonki | Action: update_profile
[2026-10-05 08:12:52] User: jackson | Action: update_profile
[2026-10-04 22:13:52] User: antonio | Action: logged_in
[2026-10-08 16:01:52] User: matilda | Action: update_profile
[2026-10-08 01:42:52] User: diana | Action: read_email
[2026-10-02 13:55:52] User: namjoon | Action: logged_in
[2026-10-02 07:23:52] User: elisabetta | Action: downloaded_confidential_file
[2026-10-02 10:35:52] User: kevin | Action: failed_login
[2026-10-06 20:34:52] User: james | Action: password_changed
[2026-10-03 03:48:52] User: chloe | Action: downloaded_confidential_file
[2026-10-08 22:03:52] User: rebecca | Action: logged_in
[2026-10-02 03:07:52] User: jackson | Action: logged_out
[2026-10-03 03:50:52] User: laura | Action: password_changed
[2026-10-06 02:19:52] User: elisabetta | Action: password_changed
[2026-10-07 07:07:52] User: henry | Action: password_changed
[2026-10-04 14:17:52] User: lily | Action: downloaded_confidential_file
[2026-10-03 11:14:52] User: sarah | Action: logged_in
[2026-10-08 11:10:52] User: james | Action: update_profile
[2026-10-02 03:55:52] User: lily | Action: downloaded_confidential_file
[2026-10-08 05:22:52] User: jennie | Action: downloaded_confidential_file
[2026-10-03 09:28:52] User: chloe | Action: update_profile
[2026-10-03 22:44:52] User: rebecca | Action: deleted_database
[2026-10-05 13:51:52] User: margaret | Action: downloaded_confidential_file
[2026-10-08 20:46:52] User: jackson | Action: logged_out
[2026-10-03 16:14:52] User: chloe | Action: update_profile
[2026-10-07 17:43:52] User: henry | Action: failed_login
[2026-10-05 16:11:52] User: kevin | Action: logged_out
[2026-10-05 02:11:52] User: felix | Action: read_email
[2026-10-07 23:55:52] User: jackson | Action: accessed_shared_drive
[2026-10-03 08:29:52] User: antonio | Action: logged_in
[2026-10-08 04:54:52] User: jin | Action: read_email
[2026-10-05 14:49:52] User: william | Action: logged_in
[2026-10-06 07:02:52] User: kevin | Action: read_email
[2026-10-05 07:44:52] User: lily | Action: deleted_database
[2026-10-08 01:44:52] User: thomas | Action: deleted_database
[2026-10-02 12:09:52] User: jane | Action: logged_out
[2026-10-03 09:06:52] User: jimin | Action: logged_in
[2026-10-04 03:50:52] User: willow | Action: logged_out
[2026-10-02 22:03:52] User: jane | Action: failed_login
[2026-10-05 03:26:52] User: thomas | Action: failed_login
[2026-10-02 23:37:52] User: julie | Action: password_changed
[2026-10-04 08:08:52] User: lisa | Action: deleted_database
[2026-10-08 09:01:52] User: margaret | Action: deleted_database
[2026-10-04 08:39:52] User: karina | Action: downloaded_confidential_file
[2026-10-05 05:43:52] User: jackson | Action: logged_out
[2026-10-08 01:12:52] User: willow | Action: failed_login
[2026-10-02 20:44:52] User: jungkook | Action: deleted_database
[2026-10-07 04:17:52] User: lisa | Action: read_email
[2026-10-02 00:37:52] User: chloe | Action: logged_in
[2026-10-03 13:12:52] User: luca | Action: read_email
[2026-10-02 08:10:52] User: karina | Action: downloaded_confidential_file
[2026-10-07 07:26:52] User: willow | Action: logged_out
[2026-10-02 18:27:52] User: jimin | Action: deleted_database
[2026-10-06 12:32:52] User: felix | Action: downloaded_confidential_file
[2026-10-04 00:58:52] User: diana | Action: update_profile
[2026-10-03 06:56:52] User: julie | Action: accessed_shared_drive
[2026-10-07 01:12:52] User: karina | Action: logged_in
[2026-10-05 08:18:52] User: emily | Action: update_profile
[2026-10-06 23:38:52] User: chloe | Action: password_changed
[2026-10-03 18:50:52] User: jisoo | Action: password_changed
[2026-10-04 01:08:52] User: henry | Action: logged_out
[2026-10-07 00:47:52] User: jin | Action: password_changed
[2026-10-02 22:21:52] User: jimin | Action: accessed_shared_drive
[2026-10-08 12:42:52] User: yoonki | Action: logged_in
[2026-10-04 09:53:52] User: lisa | Action: password_changed
[2026-10-04 04:51:52] User: elisabetta | Action: downloaded_confidential_file
[2026-10-08 13:05:52] User: julie | Action: logged_in
[2026-10-06 04:55:52] User: matilda | Action: password_changed
[2026-10-05 03:17:52] User: matilda | Action: downloaded_confidential_file
[2026-10-08 00:41:52] User: julie | Action: deleted_database
[2026-10-05 11:27:52] User: jisoo | Action: update_profile
[2026-10-07 00:33:52] User: james | Action: failed_login
[2026-10-04 11:19:52] User: thomas | Action: failed_login
[2026-10-06 16:49:52] User: alex | Action: downloaded_confidential_file
[2026-10-04 10:50:52] User: henry | Action: accessed_shared_drive
[2026-10-06 12:06:52] User: felix | Action: deleted_database
[2026-10-08 08:49:52] User: henry | Action: password_changed
[2026-10-06 17:35:52] User: alex | Action: failed_login
[2026-10-02 01:19:52] User: henry | Action: downloaded_confidential_file
[2026-10-05 11:14:52] User: william | Action: deleted_database
[2026-10-05 12:38:52] User: jimin | Action: read_email
[2026-10-02 07:23:52] User: suspect66 | Action: accessed_shared_drive
[2026-10-05 04:06:52] User: william | Action: logged_out
[2026-10-08 09:24:52] User: nicole | Action: downloaded_confidential_file
[2026-10-03 09:06:52] User: francesca | Action: deleted_database
[2026-10-05 21:47:52] User: jin | Action: downloaded_confidential_file
[2026-10-08 09:18:52] User: willow | Action: logged_out
[2026-10-06 00:22:52] User: jisoo | Action: read_email
[2026-10-03 01:48:52] User: william | Action: password_changed
[2026-10-07 03:51:52] User: james | Action: downloaded_confidential_file
[2026-10-02 23:22:52] User: henry | Action: accessed_shared_drive
[2026-10-04 07:07:52] User: thomas | Action: logged_in
[2026-10-07 14:10:52] User: james | Action: update_profile
[2026-10-04 03:42:52] User: karina | Action: password_changed
[2026-10-02 03:32:52] User: felix | Action: password_changed
[2026-10-07 08:58:52] User: yoonki | Action: failed_login
[2026-10-02 20:54:52] User: francesca | Action: failed_login
[2026-10-08 05:57:52] User: elisabetta | Action: deleted_database
[2026-10-03 23:35:52] User: felix | Action: read_email
[2026-10-02 13:56:52] User: jin | Action: password_changed
[2026-10-06 08:05:52] User: jin | Action: deleted_database
[2026-10-04 03:15:52] User: chloe | Action: logged_out
[2026-10-08 04:47:52] User: thomas | Action: deleted_database
[2026-10-04 02:49:52] User: karina | Action: deleted_database
[2026-10-06 04:57:52] User: antonio | Action: failed_login
[2026-10-07 01:19:52] User: jisoo | Action: deleted_database
[2026-10-06 02:15:52] User: nicole | Action: read_email
[2026-10-02 15:03:52] User: jennie | Action: accessed_shared_drive
[2026-10-08 07:51:52] User: margaret | Action: failed_login
[2026-10-02 09:26:52] User: alex | Action: logged_out
[2026-10-06 13:18:52] User: sarah | Action: failed_login
[2026-10-07 16:57:52] User: antonio | Action: update_profile
[2026-10-02 21:05:52] User: willow | Action: logged_out
[2026-10-04 02:58:52] User: emily | Action: failed_login
[2026-10-03 21:23:52] User: antonio | Action: logged_in
[2026-10-05 16:50:52] User: jin | Action: deleted_database
[2026-10-02 17:04:52] User: namjoon | Action: update_profile
[2026-10-06 18:46:52] User: kevin | Action: password_changed
[2026-10-08 19:30:52] User: jisoo | Action: downloaded_confidential_file
[2026-10-04 16:47:52] User: kevin | Action: accessed_shared_drive
[2026-10-02 19:40:52] User: jimin | Action: accessed_shared_drive
[2026-10-04 00:20:52] User: julie | Action: failed_login
[2026-10-08 17:51:52] User: lily | Action: logged_in
[2026-10-05 01:50:52] User: chloe | Action: read_email
[2026-10-02 15:23:52] User: francesca | Action: deleted_database
[2026-10-06 23:24:52] User: elisabetta | Action: deleted_database
[2026-10-08 02:54:52] User: lisa | Action: accessed_shared_drive
[2026-10-05 15:40:52] User: lily | Action: downloaded_confidential_file
[2026-10-07 10:25:52] User: jungkook | Action: password_changed
[2026-10-04 10:40:52] User: henry | Action: password_changed
[2026-10-03 08:27:52] User: willow | Action: downloaded_confidential_file
[2026-10-03 13:27:52] User: luca | Action: update_profile
[2026-10-07 13:18:52] User: emily | Action: read_email
[2026-10-06 08:14:52] User: alex | Action: logged_out
[2026-10-07 17:29:52] User: chloe | Action: downloaded_confidential_file
[2026-10-08 01:29:52] User: jimin | Action: logged_in
[2026-10-06 19:31:52] User: thomas | Action: logged_in
[2026-10-04 21:07:52] User: lily | Action: logged_out
[2026-10-06 16:39:52] User: willow | Action: password_changed
[2026-10-08 11:42:52] User: henry | Action: failed_login
[2026-10-02 00:52:52] User: suspect66 | Action: password_changed
[2026-10-05 19:16:52] User: jisoo | Action: deleted_database
[2026-10-05 21:19:52] User: namjoon | Action: logged_in
[2026-10-05 22:27:52] User: luca | Action: password_changed
[2026-10-05 00:16:52] User: william | Action: read_email
[2026-10-04 15:43:52] User: julie | Action: accessed_shared_drive
[2026-10-04 17:11:52] User: lily | Action: accessed_shared_drive
[2026-10-05 01:53:52] User: francesca | Action: downloaded_confidential_file
[2026-10-03 23:32:52] User: kevin | Action: password_changed
[2026-10-07 21:53:52] User: lisa | Action: accessed_shared_drive
[2026-10-03 12:55:52] User: suspect66 | Action: accessed_shared_drive
[2026-10-02 03:49:52] User: henry | Action: downloaded_confidential_file
[2026-10-08 19:02:52] User: margaret | Action: logged_out
[2026-10-07 06:22:52] User: matilda | Action: logged_in
[2026-10-03 04:14:52] User: nicole | Action: accessed_shared_drive
[2026-10-06 06:27:52] User: james | Action: update_profile
[2026-10-03 04:36:52] User: william | Action: downloaded_confidential_file
[2026-10-08 19:36:52] User: julie | Action: failed_login
[2026-10-05 15:46:52] User: namjoon | Action: failed_login
[2026-10-03 10:29:52] User: matilda | Action: update_profile
[2026-10-02 11:47:52] User: elisabetta | Action: deleted_database
[2026-10-03 23:51:52] User: kevin | Action: accessed_shared_drive
[2026-10-02 16:51:52] User: margaret | Action: downloaded_confidential_file
[2026-10-08 04:12:52] User: rebecca | Action: logged_out
[2026-10-02 05:13:52] User: jimin | Action: logged_out
[2026-10-07 16:18:52] User: jisoo | Action: accessed_shared_drive
[2026-10-02 11:19:52] User: kevin | Action: logged_out
[2026-10-03 18:49:52] User: jimin | Action: password_changed
[2026-10-07 14:39:52] User: jungkook | Action: password_changed
[2026-10-03 15:40:52] User: felix | Action: downloaded_confidential_file
[2026-10-03 17:35:52] User: chloe | Action: password_changed
[2026-10-08 01:28:52] User: diana | Action: read_email
[2026-10-03 05:21:52] User: julie | Action: update_profile
[2026-10-06 09:26:52] User: matilda | Action: deleted_database
[2026-10-05 01:32:52] User: lisa | Action: deleted_database
[2026-10-08 14:10:52] User: sarah | Action: logged_out
[2026-10-05 12:29:52] User: lisa | Action: failed_login
[2026-10-03 03:51:52] User: thomas | Action: logged_out
[2026-10-08 11:10:52] User: karina | Action: read_email
[2026-10-04 17:14:52] User: james | Action: deleted_database
[2026-10-04 05:39:52] User: alex | Action: logged_in
[2026-10-07 10:06:52] User: emily | Action: failed_login
[2026-10-08 19:28:52] User: namjoon | Action: failed_login
[2026-10-02 21:06:52] User: lily | Action: failed_login
[2026-10-06 11:30:52] User: jisoo | Action: deleted_database
[2026-10-07 04:33:52] User: francesca | Action: password_changed
[2026-10-04 09:16:52] User: francesca | Action: failed_login
[2026-10-07 06:13:52] User: jisoo | Action: password_changed
[2026-10-05 05:57:52] User: matilda | Action: accessed_shared_drive
[2026-10-07 14:22:52] User: jennie | Action: read_email
[2026-10-05 21:32:52] User: jisoo | Action: deleted_database
[2026-10-07 19:46:52] User: sarah | Action: logged_in
[2026-10-06 22:48:52] User: william | Action: logged_in
[2026-10-03 18:58:52] User: jisoo | Action: deleted_database
[2026-10-07 16:23:52] User: antonio | Action: update_profile
[2026-10-06 19:40:52] User: matilda | Action: read_email
[2026-10-05 06:02:52] User: william | Action: deleted_database
[2026-10-06 18:13:52] User: james | Action: downloaded_confidential_file
[2026-10-03 18:47:52] User: elisabetta | Action: read_email
[2026-10-06 18:17:52] User: lisa | Action: read_email
[2026-10-06 00:32:52] User: karina | Action: logged_in
[2026-10-03 16:02:52] User: sarah | Action: logged_in
[2026-10-07 18:55:52] User: yoonki | Action: logged_in
[2026-10-07 07:27:52] User: chloe | Action: failed_login
[2026-10-05 05:44:52] User: william | Action: password_changed
[2026-10-08 12:04:52] User: alex | Action: downloaded_confidential_file
[2026-10-08 11:45:52] User: felix | Action: failed_login
[2026-10-06 23:26:52] User: willow | Action: downloaded_confidential_file
[2026-10-05 04:27:52] User: jennie | Action: read_email
[2026-10-03 06:07:52] User: rebecca | Action: update_profile
[2026-10-03 17:51:52] User: kevin | Action: read_email
[2026-10-04 02:38:52] User: felix | Action: deleted_database
[2026-10-06 21:31:52] User: jungkook | Action: deleted_database
[2026-10-02 17:57:52] User: lily | Action: accessed_shared_drive
[2026-10-06 06:47:52] User: antonio | Action: deleted_database
[2026-10-05 17:16:52] User: margaret | Action: deleted_database
[2026-10-08 03:43:52] User: thomas | Action: password_changed
[2026-10-06 15:20:52] User: jisoo | Action: failed_login
[2026-10-05 06:15:52] User: james | Action: password_changed
[2026-10-04 09:54:52] User: luca | Action: failed_login
[2026-10-06 03:25:52] User: jisoo | Action: failed_login
[2026-10-03 08:44:52] User: nicole | Action: accessed_shared_drive
[2026-10-06 22:22:52] User: jisoo | Action: logged_out
[2026-10-04 05:05:52] User: diana | Action: failed_login
[2026-10-04 16:26:52] User: rebecca | Action: downloaded_confidential_file
[2026-10-07 00:19:52] User: jimin | Action: accessed_shared_drive
[2026-10-08 17:44:52] User: chloe | Action: downloaded_confidential_file
[2026-10-02 16:06:52] User: suspect66 | Action: update_profile
[2026-10-08 07:55:52] User: jin | Action: logged_in
[2026-10-05 05:44:52] User: antonio | Action: read_email
[2026-10-03 15:23:52] User: thomas | Action: downloaded_confidential_file
[2026-10-04 19:18:52] User: willow | Action: update_profile
[2026-10-07 03:52:52] User: nicole | Action: downloaded_confidential_file
[2026-10-05 17:27:52] User: james | Action: accessed_shared_drive
[2026-10-08 00:09:52] User: lisa | Action: password_changed
[2026-10-02 06:33:52] User: alex | Action: deleted_database
[2026-10-07 14:14:52] User: rebecca | Action: failed_login
[2026-10-05 23:36:52] User: elisabetta | Action: accessed_shared_drive
[2026-10-03 17:04:52] User: karina | Action: logged_out
[2026-10-07 08:43:52] User: rebecca | Action: update_profile
[2026-10-06 03:01:52] User: lisa | Action: deleted_database
[2026-10-07 07:01:52] User: karina | Action: update_profile
[2026-10-05 02:50:52] User: yoonki | Action: accessed_shared_drive
[2026-10-07 18:17:52] User: elisabetta | Action: failed_login
[2026-10-05 23:14:52] User: diana | Action: failed_login
[2026-10-03 13:58:52] User: rebecca | Action: logged_out
[2026-10-03 16:45:52] User: julie | Action: deleted_database
[2026-10-04 17:03:52] User: felix | Action: logged_out
[2026-10-04 01:00:52] User: matilda | Action: accessed_shared_drive
[2026-10-04 18:25:52] User: matilda | Action: read_email
[2026-10-02 13:15:52] User: emily | Action: deleted_database
[2026-10-04 10:42:52] User: thomas | Action: accessed_shared_drive
[2026-10-04 02:51:52] User: henry | Action: failed_login
[2026-10-06 21:26:52] User: chloe | Action: deleted_database
[2026-10-07 08:05:52] User: elisabetta | Action: read_email
[2026-10-03 15:09:52] User: namjoon | Action: downloaded_confidential_file
[2026-10-02 05:10:52] User: margaret | Action: read_email
[2026-10-04 11:56:52] User: laura | Action: downloaded_confidential_file
[2026-10-03 07:39:52] User: sarah | Action: logged_in
[2026-10-06 20:25:52] User: diana | Action: deleted_database
[2026-10-03 12:45:52] User: felix | Action: accessed_shared_drive
[2026-10-02 03:06:52] User: yoonki | Action: password_changed
[2026-10-03 16:09:52] User: jimin | Action: failed_login
[2026-10-06 13:00:52] User: kevin | Action: deleted_database
[2026-10-06 16:23:52] User: alex | Action: deleted_database
[2026-10-03 02:18:52] User: matilda | Action: read_email
[2026-10-03 03:55:52] User: matilda | Action: logged_out
[2026-10-06 12:13:52] User: diana | Action: logged_out
[2026-10-03 14:58:52] User: laura | Action: accessed_shared_drive
[2026-10-02 07:40:52] User: matilda | Action: deleted_database
[2026-10-03 00:14:52] User: jungkook | Action: read_email
[2026-10-07 00:54:52] User: suspect66 | Action: downloaded_confidential_file
[2026-10-06 07:43:52] User: alex | Action: accessed_shared_drive
[2026-10-07 10:00:52] User: suspect66 | Action: deleted_database
[2026-10-06 21:10:52] User: jennie | Action: read_email
[2026-10-07 12:38:52] User: jin | Action: logged_in
[2026-10-05 09:41:52] User: kevin | Action: accessed_shared_drive
[2026-10-07 08:48:52] User: julie | Action: read_email
[2026-10-03 02:20:52] User: jennie | Action: logged_in
[2026-10-04 18:29:52] User: antonio | Action: update_profile
[2026-10-07 22:07:52] User: rebecca | Action: read_email
[2026-10-03 05:58:52] User: francesca | Action: accessed_shared_drive
[2026-10-07 20:50:52] User: elisabetta | Action: failed_login
[2026-10-07 03:48:52] User: felix | Action: update_profile
[2026-10-06 12:43:52] User: lisa | Action: password_changed
[2026-10-05 23:56:52] User: rebecca | Action: accessed_shared_drive
[2026-10-08 19:40:52] User: laura | Action: update_profile
[2026-10-04 12:42:52] User: kevin | Action: update_profile
[2026-10-08 22:33:52] User: jin | Action: read_email
[2026-10-02 00:29:52] User: laura | Action: logged_out
[2026-10-06 22:35:52] User: suspect66 | Action: failed_login
[2026-10-03 13:23:52] User: james | Action: accessed_shared_drive
[2026-10-08 12:08:52] User: yoonki | Action: update_profile
[2026-10-06 11:13:52] User: emily | Action: accessed_shared_drive
[2026-10-02 23:28:52] User: francesca | Action: password_changed
[2026-10-05 10:06:52] User: jackson | Action: logged_in
[2026-10-08 22:30:52] User: karina | Action: logged_in
[2026-10-04 01:49:52] User: matilda | Action: deleted_database
[2026-10-04 00:43:52] User: karina | Action: logged_in
[2026-10-08 16:40:52] User: laura | Action: failed_login
[2026-10-07 02:51:52] User: matilda | Action: accessed_shared_drive
[2026-10-03 15:08:52] User: jisoo | Action: password_changed
[2026-10-02 19:38:52] User: matilda | Action: logged_out
[2026-10-05 18:29:52] User: luca | Action: failed_login
[2026-10-06 23:15:52] User: william | Action: password_changed
[2026-10-07 20:32:52] User: diana | Action: downloaded_confidential_file
[2026-10-04 17:55:52] User: nicole | Action: failed_login
[2026-10-04 11:26:52] User: luca | Action: logged_in
[2026-10-02 09:04:52] User: jisoo | Action: downloaded_confidential_file
[2026-10-04 01:34:52] User: elisabetta | Action: downloaded_confidential_file
[2026-10-07 14:41:52] User: laura | Action: failed_login
[2026-10-08 05:06:52] User: laura | Action: deleted_database
[2026-10-05 12:40:52] User: henry | Action: accessed_shared_drive
[2026-10-04 22:24:52] User: julie | Action: password_changed
[2026-10-04 13:08:52] User: henry | Action: read_email
[2026-10-05 03:14:52] User: margaret | Action: logged_out
[2026-10-05 14:18:52] User: emily | Action: read_email
[2026-10-06 14:57:52] User: karina | Action: read_email
[2026-10-07 06:07:52] User: namjoon | Action: update_profile
[2026-10-04 14:55:52] User: antonio | Action: read_email
[2026-10-07 03:51:52] User: sarah | Action: logged_in
[2026-10-07 02:08:52] User: chloe | Action: deleted_database
[2026-10-04 00:26:52] User: diana | Action: update_profile
[2026-10-07 21:07:52] User: william | Action: read_email
[2026-10-02 15:28:52] User: lisa | Action: logged_in
[2026-10-05 05:04:52] User: nicole | Action: downloaded_confidential_file
[2026-10-03 03:59:52] User: chloe | Action: read_email
[2026-10-05 11:42:52] User: thomas | Action: read_email
[2026-10-03 19:13:52] User: elisabetta | Action: read_email
[2026-10-02 23:40:52] User: lily | Action: read_email
[2026-10-02 01:54:52] User: kevin | Action: downloaded_confidential_file
[2026-10-04 07:08:52] User: kevin | Action: logged_in
[2026-10-02 20:34:52] User: kevin | Action: downloaded_confidential_file
[2026-10-05 02:30:52] User: diana | Action: failed_login
[2026-10-08 11:14:52] User: laura | Action: update_profile
[2026-10-06 07:07:52] User: margaret | Action: downloaded_confidential_file
[2026-10-07 13:48:52] User: elisabetta | Action: downloaded_confidential_file
[2026-10-03 03:03:52] User: luca | Action: deleted_database
[2026-10-06 00:42:52] User: luca | Action: logged_out
[2026-10-08 18:25:52] User: felix | Action: downloaded_confidential_file
[2026-10-04 07:33:52] User: matilda | Action: downloaded_confidential_file
[2026-10-06 18:43:52] User: yoonki | Action: deleted_database
[2026-10-07 03:03:52] User: matilda | Action: deleted_database
[2026-10-03 18:25:52] User: jackson | Action: failed_login
[2026-10-08 14:22:52] User: lisa | Action: password_changed
[2026-10-03 18:49:52] User: namjoon | Action: logged_in
[2026-10-02 02:57:52] User: antonio | Action: failed_login
[2026-10-05 16:12:52] User: suspect66 | Action: downloaded_confidential_file
[2026-10-05 06:42:52] User: jimin | Action: password_changed
[2026-10-04 09:34:52] User: namjoon | Action: deleted_database
[2026-10-02 05:30:52] User: nicole | Action: read_email
[2026-10-03 00:38:52] User: felix | Action: failed_login
[2026-10-07 03:24:52] User: alex | Action: update_profile
[2026-10-04 14:12:52] User: sarah | Action: logged_in
[2026-10-07 02:31:52] User: elisabetta | Action: logged_in
[2026-10-06 18:00:52] User: sarah | Action: update_profile
[2026-10-07 15:18:52] User: jane | Action: update_profile
[2026-10-05 22:16:52] User: diana | Action: logged_out
[2026-10-05 07:46:52] User: suspect66 | Action: logged_out
[2026-10-07 10:21:52] User: antonio | Action: logged_in
[2026-10-05 18:28:52] User: jane | Action: deleted_database
[2026-10-07 10:09:52] User: chloe | Action: downloaded_confidential_file
[2026-10-06 00:58:52] User: rebecca | Action: logged_in
[2026-10-07 07:45:52] User: willow | Action: logged_in
[2026-10-05 01:48:52] User: karina | Action: logged_out
[2026-10-06 17:39:52] User: laura | Action: read_email
[2026-10-02 17:37:52] User: william | Action: update_profile
[2026-10-08 22:11:52] User: margaret | Action: update_profile
[2026-10-06 21:25:52] User: james | Action: password_changed
[2026-10-06 15:46:52] User: yoonki | Action: failed_login
[2026-10-07 05:41:52] User: alex | Action: read_email
[2026-10-05 13:19:52] User: lily | Action: update_profile
[2026-10-08 05:11:52] User: francesca | Action: logged_in
[2026-10-04 10:00:52] User: willow | Action: downloaded_confidential_file
[2026-10-07 01:06:52] User: karina | Action: deleted_database
[2026-10-07 12:13:52] User: rebecca | Action: logged_in
[2026-10-05 06:47:52] User: jackson | Action: read_email
[2026-10-05 12:26:52] User: felix | Action: password_changed
[2026-10-03 09:25:52] User: emily | Action: logged_out
[2026-10-03 15:07:52] User: jane | Action: password_changed
[2026-10-06 21:11:52] User: margaret | Action: read_email
[2026-10-07 23:37:52] User: jungkook | Action: logged_out
[2026-10-05 08:13:52] User: henry | Action: failed_login
[2026-10-03 09:44:52] User: jackson | Action: logged_in
[2026-10-07 13:33:52] User: yoonki | Action: read_email
[2026-10-08 10:50:52] User: james | Action: deleted_database
[2026-10-08 13:31:52] User: felix | Action: update_profile
[2026-10-08 22:34:52] User: karina | Action: update_profile
[2026-10-06 14:13:52] User: chloe | Action: deleted_database
[2026-10-08 07:07:52] User: felix | Action: password_changed
[2026-10-08 00:25:52] User: henry | Action: logged_in
[2026-10-05 15:34:52] User: luca | Action: failed_login
[2026-10-05 21:31:52] User: felix | Action: read_email
[2026-10-06 08:34:52] User: luca | Action: update_profile
[2026-10-04 16:11:52] User: jungkook | Action: failed_login
[2026-10-02 10:34:52] User: laura | Action: update_profile
[2026-10-04 02:53:52] User: diana | Action: failed_login
[2026-10-03 12:23:52] User: henry | Action: failed_login
[2026-10-02 16:10:52] User: willow | Action: password_changed
[2026-10-06 17:23:52] User: namjoon | Action: password_changed
[2026-10-08 22:13:52] User: william | Action: downloaded_confidential_file
[2026-10-08 04:08:52] User: willow | Action: logged_in
[2026-10-04 00:25:52] User: jennie | Action: read_email
[2026-10-04 02:37:52] User: willow | Action: deleted_database
[2026-10-04 21:16:52] User: sarah | Action: logged_out
[2026-10-03 15:24:52] User: margaret | Action: logged_out
[2026-10-04 04:33:52] User: jungkook | Action: logged_in
[2026-10-05 07:51:52] User: rebecca | Action: downloaded_confidential_file
[2026-10-03 19:08:52] User: elisabetta | Action: logged_in
[2026-10-07 08:38:52] User: willow | Action: password_changed
[2026-10-05 01:08:52] User: matilda | Action: failed_login
[2026-10-06 17:33:52] User: elisabetta | Action: read_email
[2026-10-05 06:07:52] User: james | Action: deleted_database
[2026-10-07 09:20:52] User: thomas | Action: password_changed
[2026-10-08 00:08:52] User: margaret | Action: read_email
[2026-10-07 17:48:52] User: julie | Action: failed_login
[2026-10-05 08:01:52] User: karina | Action: downloaded_confidential_file
[2026-10-05 15:51:52] User: chloe | Action: logged_out
[2026-10-06 13:17:52] User: suspect66 | Action: read_email
[2026-10-04 16:44:52] User: namjoon | Action: failed_login
[2026-10-03 07:42:52] User: margaret | Action: failed_login
[2026-10-03 17:20:52] User: jisoo | Action: logged_out
[2026-10-08 08:01:52] User: william | Action: logged_out
[2026-10-07 07:17:52] User: lily | Action: logged_in
[2026-10-08 12:22:52] User: nicole | Action: downloaded_confidential_file
[2026-10-06 16:39:52] User: margaret | Action: password_changed
[2026-10-04 16:21:52] User: antonio | Action: update_profile
[2026-10-04 18:16:52] User: antonio | Action: password_changed
[2026-10-05 20:58:52] User: julie | Action: accessed_shared_drive
[2026-10-03 11:34:52] User: jackson | Action: read_email
[2026-10-05 04:33:52] User: laura | Action: downloaded_confidential_file
[2026-10-02 10:23:52] User: rebecca | Action: logged_in
[2026-10-08 11:36:52] User: lily | Action: logged_in
[2026-10-05 11:54:52] User: william | Action: password_changed
[2026-10-05 05:06:52] User: karina | Action: logged_in
[2026-10-08 03:27:52] User: francesca | Action: password_changed
[2026-10-04 18:35:52] User: thomas | Action: read_email
[2026-10-05 07:04:52] User: yoonki | Action: deleted_database
[2026-10-05 12:05:52] User: margaret | Action: deleted_database
[2026-10-04 20:21:52] User: jin | Action: logged_in
[2026-10-07 06:31:52] User: lily | Action: logged_in
[2026-10-05 02:37:52] User: jisoo | Action: logged_in
[2026-10-08 06:13:52] User: jungkook | Action: read_email
[2026-10-04 03:42:52] User: suspect66 | Action: read_email
[2026-10-07 05:04:52] User: thomas | Action: read_email
[2026-10-07 08:56:52] User: lisa | Action: update_profile
[2026-10-06 00:45:52] User: francesca | Action: logged_in
[2026-10-07 22:44:52] User: chloe | Action: downloaded_confidential_file
[2026-10-04 17:11:52] User: karina | Action: read_email
[2026-10-07 09:14:52] User: sarah | Action: logged_in
[2026-10-05 10:39:52] User: karina | Action: downloaded_confidential_file
[2026-10-04 04:25:52] User: sarah | Action: logged_out
[2026-10-04 19:02:52] User: kevin | Action: deleted_database
[2026-10-03 03:12:52] User: nicole | Action: accessed_shared_drive
[2026-10-03 12:45:52] User: julie | Action: failed_login
[2026-10-02 23:52:52] User: karina | Action: logged_in
[2026-10-08 07:30:52] User: jane | Action: logged_in
[2026-10-04 02:04:52] User: lily | Action: logged_out
[2026-10-04 23:16:52] User: jin | Action: logged_in
[2026-10-02 09:22:52] User: william | Action: update_profile
[2026-10-06 18:48:52] User: francesca | Action: logged_out
[2026-10-02 23:34:52] User: jackson | Action: downloaded_confidential_file
[2026-10-05 04:46:52] User: lisa | Action: failed_login
[2026-10-06 03:15:52] User: laura | Action: deleted_database
[2026-10-06 04:33:52] User: jennie | Action: downloaded_confidential_file
[2026-10-02 11:02:52] User: lisa | Action: logged_out
[2026-10-04 16:44:52] User: suspect66 | Action: downloaded_confidential_file
[2026-10-03 03:07:52] User: margaret | Action: logged_in
[2026-10-02 15:40:52] User: jane | Action: downloaded_confidential_file
[2026-10-06 14:33:52] User: rebecca | Action: failed_login
[2026-10-03 07:39:52] User: kevin | Action: logged_in
[2026-10-02 17:32:52] User: julie | Action: update_profile
[2026-10-08 14:56:52] User: william | Action: accessed_shared_drive
[2026-10-02 12:24:52] User: kevin | Action: downloaded_confidential_file
[2026-10-02 18:00:52] User: jin | Action: password_changed
[2026-10-03 08:49:52] User: elisabetta | Action: downloaded_confidential_file
[2026-10-02 13:29:52] User: jennie | Action: logged_out
[2026-10-07 13:20:52] User: namjoon | Action: failed_login
[2026-10-05 16:35:52] User: willow | Action: update_profile
[2026-10-07 21:06:52] User: lily | Action: password_changed
[2026-10-08 15:53:52] User: alex | Action: accessed_shared_drive
[2026-10-08 22:57:52] User: margaret | Action: read_email
[2026-10-06 17:38:52] User: lisa | Action: accessed_shared_drive
[2026-10-02 21:50:52] User: julie | Action: downloaded_confidential_file
[2026-10-03 11:00:52] User: alex | Action: accessed_shared_drive
[2026-10-08 12:05:52] User: willow | Action: deleted_database
[2026-10-06 19:58:52] User: diana | Action: deleted_database
[2026-10-04 08:10:52] User: jackson | Action: logged_out
[2026-10-06 17:07:52] User: jane | Action: read_email
[2026-10-06 20:33:52] User: diana | Action: deleted_database
[2026-10-06 22:20:52] User: margaret | Action: read_email
[2026-10-08 08:53:52] User: laura | Action: downloaded_confidential_file
[2026-10-07 04:02:52] User: diana | Action: logged_out
[2026-10-06 09:30:52] User: james | Action: read_email
[2026-10-03 19:21:52] User: henry | Action: logged_out
[2026-10-04 14:36:52] User: rebecca | Action: accessed_shared_drive
[2026-10-08 08:24:52] User: willow | Action: password_changed
[2026-10-06 19:02:52] User: yoonki | Action: downloaded_confidential_file
[2026-10-04 18:58:52] User: henry | Action: downloaded_confidential_file
[2026-10-05 00:01:52] User: jimin | Action: accessed_shared_drive
[2026-10-08 11:09:52] User: julie | Action: password_changed
[2026-10-04 07:45:52] User: laura | Action: logged_in
[2026-10-08 07:09:52] User: james | Action: failed_login
[2026-10-03 20:49:52] User: jisoo | Action: logged_out
[2026-10-06 20:50:52] User: margaret | Action: password_changed
[2026-10-06 13:14:52] User: elisabetta | Action: password_changed
[2026-10-04 01:58:52] User: james | Action: read_email
[2026-10-04 10:22:52] User: chloe | Action: logged_in
[2026-10-04 14:55:52] User: karina | Action: logged_out
[2026-10-03 03:28:52] User: thomas | Action: accessed_shared_drive
[2026-10-03 17:38:52] User: thomas | Action: downloaded_confidential_file
[2026-10-03 16:56:52] User: nicole | Action: update_profile
[2026-10-02 23:54:52] User: yoonki | Action: accessed_shared_drive
[2026-10-05 01:38:52] User: diana | Action: read_email
[2026-10-02 01:36:52] User: willow | Action: password_changed
[2026-10-04 16:04:52] User: alex | Action: accessed_shared_drive
[2026-10-05 00:57:52] User: suspect66 | Action: password_changed
[2026-10-04 09:34:52] User: rebecca | Action: accessed_shared_drive
[2026-10-06 01:41:52] User: alex | Action: downloaded_confidential_file
[2026-10-03 22:25:52] User: nicole | Action: password_changed
[2026-10-08 12:10:52] User: henry | Action: read_email
[2026-10-04 15:21:52] User: margaret | Action: logged_in
[2026-10-08 07:20:52] User: james | Action: deleted_database
[2026-10-07 23:02:52] User: yoonki | Action: accessed_shared_drive
[2026-10-04 13:26:52] User: kevin | Action: failed_login
[2026-10-05 17:10:52] User: rebecca | Action: failed_login
[2026-10-08 08:15:52] User: james | Action: logged_in
[2026-10-07 09:38:52] User: namjoon | Action: password_changed
[2026-10-02 14:24:52] User: nicole | Action: update_profile
[2026-10-03 11:52:52] User: jin | Action: read_email
[2026-10-03 11:50:52] User: diana | Action: update_profile
[2026-10-02 16:25:52] User: lisa | Action: logged_out
[2026-10-03 01:05:52] User: emily | Action: accessed_shared_drive
[2026-10-08 11:01:52] User: namjoon | Action: read_email
[2026-10-08 14:32:52] User: diana | Action: logged_out
[2026-10-07 08:44:52] User: matilda | Action: accessed_shared_drive
[2026-10-07 05:19:52] User: chloe | Action: logged_in
[2026-10-03 03:04:52] User: jungkook | Action: update_profile
[2026-10-08 08:47:52] User: karina | Action: deleted_database
[2026-10-03 15:50:52] User: elisabetta | Action: update_profile
[2026-10-07 03:45:52] User: jennie | Action: update_profile
[2026-10-02 16:53:52] User: yoonki | Action: logged_out
[2026-10-08 06:23:52] User: william | Action: logged_out
[2026-10-08 20:37:52] User: karina | Action: password_changed
[2026-10-07 08:19:52] User: james | Action: logged_in
[2026-10-04 04:06:52] User: francesca | Action: deleted_database
[2026-10-07 12:39:52] User: francesca | Action: logged_in
[2026-10-07 15:19:52] User: luca | Action: logged_out
[2026-10-05 17:14:52] User: jimin | Action: read_email
[2026-10-06 17:07:52] User: sarah | Action: failed_login
[2026-10-04 09:48:52] User: nicole | Action: logged_out
[2026-10-05 03:21:52] User: yoonki | Action: update_profile
[2026-10-02 16:06:52] User: willow | Action: deleted_database
[2026-10-04 04:40:52] User: namjoon | Action: password_changed
[2026-10-08 13:35:52] User: jin | Action: failed_login
[2026-10-04 13:39:52] User: henry | Action: password_changed
[2026-10-05 06:43:52] User: lily | Action: read_email
[2026-10-02 17:40:52] User: rebecca | Action: update_profile
[2026-10-03 04:15:52] User: diana | Action: read_email
[2026-10-05 23:46:52] User: rebecca | Action: deleted_database
[2026-10-07 19:55:52] User: luca | Action: accessed_shared_drive
[2026-10-06 11:58:52] User: sarah | Action: failed_login
[2026-10-03 15:06:52] User: emily | Action: accessed_shared_drive
[2026-10-02 15:21:52] User: margaret | Action: downloaded_confidential_file
[2026-10-03 23:59:52] User: margaret | Action: failed_login
[2026-10-06 11:57:52] User: jennie | Action: update_profile
[2026-10-07 11:06:52] User: chloe | Action: downloaded_confidential_file
[2026-10-08 19:47:52] User: kevin | Action: logged_out
[2026-10-07 01:53:52] User: namjoon | Action: read_email
[2026-10-05 15:56:52] User: rebecca | Action: failed_login
[2026-10-02 23:12:52] User: kevin | Action: logged_in
[2026-10-04 06:45:52] User: matilda | Action: deleted_database
[2026-10-08 02:22:52] User: chloe | Action: deleted_database
[2026-10-05 02:38:52] User: suspect66 | Action: failed_login
[2026-10-03 02:24:52] User: margaret | Action: failed_login
[2026-10-05 10:22:52] User: matilda | Action: logged_in
[2026-10-03 00:48:52] User: jisoo | Action: accessed_shared_drive
[2026-10-03 23:43:52] User: jennie | Action: logged_in
[2026-10-03 17:34:52] User: karina | Action: failed_login
[2026-10-08 00:13:52] User: laura | Action: read_email
[2026-10-03 20:39:52] User: matilda | Action: update_profile
[2026-10-02 16:32:52] User: jane | Action: deleted_database
[2026-10-02 16:24:52] User: suspect66 | Action: logged_in
[2026-10-05 07:39:52] User: lily | Action: accessed_shared_drive
[2026-10-07 21:36:52] User: margaret | Action: password_changed
[2026-10-07 08:08:52] User: felix | Action: accessed_shared_drive
[2026-10-07 20:03:52] User: lisa | Action: deleted_database
[2026-10-03 21:11:52] User: jimin | Action: logged_in
[2026-10-06 16:03:52] User: felix | Action: failed_login
[2026-10-06 10:05:52] User: thomas | Action: accessed_shared_drive
[2026-10-03 16:57:52] User: james | Action: deleted_database
[2026-10-05 23:44:52] User: nicole | Action: logged_in
[2026-10-07 02:05:52] User: james | Action: read_email
[2026-10-08 08:48:52] User: willow | Action: read_email
[2026-10-07 06:50:52] User: julie | Action: failed_login
[2026-10-06 11:03:52] User: karina | Action: update_profile
[2026-10-02 02:09:52] User: antonio | Action: failed_login
[2026-10-08 12:50:52] User: jennie | Action: accessed_shared_drive
[2026-10-06 03:46:52] User: jisoo | Action: update_profile
[2026-10-05 09:39:52] User: sarah | Action: deleted_database
[2026-10-08 08:54:52] User: william | Action: password_changed
[2026-10-05 18:25:52] User: henry | Action: read_email
[2026-10-08 09:34:52] User: jin | Action: logged_in
[2026-10-06 17:45:52] User: thomas | Action: accessed_shared_drive
[2026-10-08 17:28:52] User: thomas | Action: logged_in
[2026-10-06 00:48:52] User: karina | Action: update_profile
[2026-10-02 13:45:52] User: rebecca | Action: logged_in
[2026-10-02 12:26:52] User: alex | Action: accessed_shared_drive
[2026-10-07 17:02:52] User: kevin | Action: accessed_shared_drive
[2026-10-03 16:51:52] User: thomas | Action: read_email
[2026-10-05 11:18:52] User: matilda | Action: password_changed
[2026-10-06 04:41:52] User: jimin | Action: downloaded_confidential_file
[2026-10-02 01:48:52] User: thomas | Action: logged_out
[2026-10-04 22:45:52] User: lisa | Action: logged_in
[2026-10-03 06:42:52] User: elisabetta | Action: update_profile
[2026-10-04 07:42:52] User: laura | Action: logged_out
[2026-10-03 17:30:52] User: jungkook | Action: password_changed
[2026-10-02 18:10:52] User: elisabetta | Action: deleted_database
[2026-10-02 17:08:52] User: jisoo | Action: downloaded_confidential_file
[2026-10-07 05:11:52] User: willow | Action: logged_out
[2026-10-02 04:02:52] User: jin | Action: downloaded_confidential_file
[2026-10-08 05:15:52] User: elisabetta | Action: downloaded_confidential_file
[2026-10-04 01:02:52] User: antonio | Action: logged_out
[2026-10-03 16:39:52] User: francesca | Action: password_changed
[2026-10-08 08:29:52] User: julie | Action: failed_login
[2026-10-07 01:27:52] User: emily | Action: failed_login
[2026-10-04 15:19:52] User: suspect66 | Action: downloaded_confidential_file
[2026-10-07 07:39:52] User: suspect66 | Action: accessed_shared_drive
[2026-10-02 17:13:52] User: thomas | Action: update_profile
[2026-10-06 05:05:52] User: lily | Action: update_profile
[2026-10-03 05:22:52] User: francesca | Action: read_email
[2026-10-07 17:26:52] User: alex | Action: password_changed
[2026-10-08 09:47:52] User: margaret | Action: read_email
[2026-10-05 14:44:52] User: francesca | Action: failed_login
[2026-10-05 23:28:52] User: henry | Action: downloaded_confidential_file
[2026-10-07 02:48:52] User: diana | Action: read_email
[2026-10-05 22:47:52] User: henry | Action: password_changed
[2026-10-03 22:28:52] User: kevin | Action: failed_login
[2026-10-02 07:21:52] User: julie | Action: downloaded_confidential_file
[2026-10-07 06:30:52] User: jungkook | Action: deleted_database
[2026-10-03 07:50:52] User: lily | Action: password_changed
[2026-10-04 22:07:52] User: rebecca | Action: update_profile
[2026-10-04 00:43:52] User: lily | Action: accessed_shared_drive
[2026-10-06 04:26:52] User: elisabetta | Action: failed_login
[2026-10-03 22:31:52] User: luca | Action: read_email
[2026-10-08 14:27:52] User: nicole | Action: failed_login
[2026-10-03 03:53:52] User: jungkook | Action: logged_in
[2026-10-03 10:40:52] User: james | Action: failed_login
[2026-10-02 19:34:52] User: jungkook | Action: logged_in
[2026-10-04 13:12:52] User: rebecca | Action: password_changed
[2026-10-02 09:12:52] User: lily | Action: logged_out
[2026-10-02 17:45:52] User: matilda | Action: deleted_database
[2026-10-06 02:48:52] User: james | Action: downloaded_confidential_file
[2026-10-06 18:48:52] User: margaret | Action: accessed_shared_drive
[2026-10-07 05:37:52] User: laura | Action: failed_login
[2026-10-04 11:52:52] User: laura | Action: read_email
[2026-10-08 10:25:52] User: willow | Action: password_changed
[2026-10-08 11:16:52] User: jimin | Action: update_profile
[2026-10-06 01:27:52] User: francesca | Action: failed_login
[2026-10-07 20:59:52] User: margaret | Action: failed_login
[2026-10-03 13:33:52] User: suspect66 | Action: update_profile
[2026-10-07 06:54:52] User: matilda | Action: downloaded_confidential_file
[2026-10-07 17:05:52] User: jungkook | Action: password_changed
[2026-10-06 07:20:52] User: felix | Action: read_email
[2026-10-07 08:55:52] User: jackson | Action: logged_out
[2026-10-04 21:07:52] User: luca | Action: password_changed
[2026-10-06 00:07:52] User: jennie | Action: read_email
[2026-10-08 16:14:52] User: thomas | Action: password_changed
[2026-10-03 10:14:52] User: willow | Action: logged_out
[2026-10-04 16:19:52] User: laura | Action: failed_login
[2026-10-07 13:55:52] User: karina | Action: accessed_shared_drive
[2026-10-02 14:37:52] User: willow | Action: accessed_shared_drive
[2026-10-05 01:01:52] User: luca | Action: logged_in
[2026-10-07 00:36:52] User: thomas | Action: downloaded_confidential_file
[2026-10-06 17:10:52] User: henry | Action: read_email
[2026-10-02 12:13:52] User: jackson | Action: update_profile
[2026-10-05 03:31:52] User: chloe | Action: accessed_shared_drive
[2026-10-02 05:16:52] User: jackson | Action: read_email
[2026-10-04 20:27:52] User: william | Action: downloaded_confidential_file
[2026-10-08 11:55:52] User: jisoo | Action: logged_in
[2026-10-08 20:55:52] User: jennie | Action: password_changed
[2026-10-08 16:21:52] User: matilda | Action: update_profile
[2026-10-05 22:15:52] User: luca | Action: password_changed
[2026-10-04 01:17:52] User: chloe | Action: downloaded_confidential_file
[2026-10-05 11:03:52] User: francesca | Action: logged_in
[2026-10-03 02:22:52] User: namjoon | Action: logged_out
[2026-10-03 01:27:52] User: suspect66 | Action: password_changed
[2026-10-07 10:39:52] User: francesca | Action: logged_in
[2026-10-03 07:21:52] User: willow | Action: failed_login
[2026-10-06 15:37:52] User: namjoon | Action: failed_login
[2026-10-03 06:15:52] User: jane | Action: update_profile
[2026-10-05 20:32:52] User: kevin | Action: read_email
[2026-10-03 00:54:52] User: alex | Action: deleted_database
[2026-10-02 23:57:52] User: jungkook | Action: update_profile
[2026-10-07 22:57:52] User: suspect66 | Action: password_changed
[2026-10-06 20:22:52] User: william | Action: update_profile
[2026-10-08 07:10:52] User: felix | Action: downloaded_confidential_file
[2026-10-08 08:15:52] User: matilda | Action: update_profile
[2026-10-05 15:48:52] User: elisabetta | Action: accessed_shared_drive
[2026-10-06 19:45:52] User: sarah | Action: logged_out
[2026-10-03 16:27:52] User: jimin | Action: failed_login
[2026-10-03 02:19:52] User: luca | Action: deleted_database
[2026-10-03 14:15:52] User: james | Action: read_email
[2026-10-07 06:13:52] User: suspect66 | Action: accessed_shared_drive
[2026-10-08 12:56:52] User: chloe | Action: downloaded_confidential_file
[2026-10-04 07:56:52] User: thomas | Action: read_email
[2026-10-06 03:47:52] User: margaret | Action: failed_login
[2026-10-07 11:13:52] User: sarah | Action: read_email
[2026-10-06 05:57:52] User: luca | Action: logged_in
[2026-10-02 07:46:52] User: namjoon | Action: accessed_shared_drive
[2026-10-06 02:45:52] User: alex | Action: logged_in
[2026-10-08 16:15:52] User: jimin | Action: failed_login
[2026-10-07 20:12:52] User: lily | Action: accessed_shared_drive
[2026-10-05 02:14:52] User: karina | Action: failed_login
[2026-10-08 08:07:52] User: yoonki | Action: logged_out
[2026-10-07 23:23:52] User: suspect66 | Action: logged_out
[2026-10-08 19:02:52] User: namjoon | Action: password_changed
[2026-10-02 20:26:52] User: antonio | Action: failed_login
[2026-10-03 07:35:52] User: felix | Action: password_changed
[2026-10-04 13:45:52] User: laura | Action: update_profile
[2026-10-07 09:51:52] User: henry | Action: update_profile
[2026-10-05 17:00:52] User: margaret | Action: logged_in
[2026-10-07 09:36:52] User: laura | Action: accessed_shared_drive
[2026-10-07 01:17:52] User: julie | Action: downloaded_confidential_file
[2026-10-06 18:43:52] User: matilda | Action: read_email
[2026-10-08 16:36:52] User: namjoon | Action: downloaded_confidential_file
[2026-10-05 04:41:52] User: willow | Action: failed_login
[2026-10-02 18:28:52] User: julie | Action: deleted_database
[2026-10-06 20:23:52] User: namjoon | Action: logged_in
[2026-10-07 22:55:52] User: thomas | Action: logged_out
[2026-10-06 11:47:52] User: jimin | Action: logged_out
[2026-10-04 13:19:52] User: thomas | Action: deleted_database
[2026-10-07 07:25:52] User: suspect66 | Action: deleted_database
[2026-10-05 06:08:52] User: jackson | Action: deleted_database
[2026-10-04 21:02:52] User: nicole | Action: accessed_shared_drive
[2026-10-02 01:50:52] User: suspect66 | Action: failed_login
[2026-10-04 07:15:52] User: willow | Action: logged_in
[2026-10-04 18:26:52] User: diana | Action: deleted_database
[2026-10-05 17:21:52] User: rebecca | Action: update_profile
[2026-10-05 06:07:52] User: julie | Action: downloaded_confidential_file
[2026-10-02 01:58:52] User: laura | Action: deleted_database
[2026-10-08 05:10:52] User: sarah | Action: downloaded_confidential_file
[2026-10-05 21:35:52] User: jackson | Action: downloaded_confidential_file
[2026-10-06 21:01:52] User: diana | Action: update_profile
[2026-10-02 13:07:52] User: diana | Action: password_changed
[2026-10-02 07:28:52] User: emily | Action: failed_login
[2026-10-08 01:47:52] User: elisabetta | Action: update_profile
[2026-10-03 03:43:52] User: jisoo | Action: read_email
[2026-10-08 11:19:52] User: lily | Action: update_profile
[2026-10-02 01:21:52] User: jisoo | Action: logged_out
[2026-10-02 10:00:52] User: jackson | Action: downloaded_confidential_file
[2026-10-07 03:37:52] User: luca | Action: failed_login
[2026-10-07 15:17:52] User: luca | Action: update_profile
[2026-10-07 22:17:52] User: suspect66 | Action: logged_in
[2026-10-06 12:14:52] User: felix | Action: logged_in
[2026-10-04 23:04:52] User: namjoon | Action: update_profile
[2026-10-02 16:16:52] User: jin | Action: downloaded_confidential_file
[2026-10-02 05:37:52] User: julie | Action: read_email
[2026-10-08 03:33:52] User: jimin | Action: logged_out
[2026-10-03 02:36:52] User: margaret | Action: logged_in
[2026-10-07 01:10:52] User: julie | Action: failed_login
[2026-10-04 07:10:52] User: jimin | Action: read_email
[2026-10-03 13:29:52] User: namjoon | Action: update_profile
[2026-10-02 23:45:52] User: diana | Action: read_email
[2026-10-06 17:11:52] User: matilda | Action: logged_in
[2026-10-07 18:12:52] User: elisabetta | Action: password_changed
[2026-10-03 15:52:52] User: luca | Action: deleted_database
[2026-10-06 04:21:52] User: suspect66 | Action: accessed_shared_drive
[2026-10-04 08:44:52] User: william | Action: logged_in
[2026-10-04 15:50:52] User: james | Action: update_profile
[2026-10-02 01:52:52] User: diana | Action: accessed_shared_drive
[2026-10-07 11:41:52] User: jackson | Action: password_changed
[2026-10-03 14:00:52] User: jungkook | Action: downloaded_confidential_file
[2026-10-06 08:37:52] User: antonio | Action: failed_login
[2026-10-06 01:47:52] User: rebecca | Action: password_changed
[2026-10-05 03:55:52] User: nicole | Action: logged_in
[2026-10-05 05:41:52] User: rebecca | Action: update_profile
[2026-10-03 17:35:52] User: jin | Action: password_changed
[2026-10-05 09:22:52] User: felix | Action: logged_in
[2026-10-04 08:49:52] User: elisabetta | Action: update_profile
[2026-10-06 23:15:52] User: diana | Action: logged_in
[2026-10-02 02:24:52] User: luca | Action: password_changed
[2026-10-08 09:46:52] User: jennie | Action: read_email
[2026-10-05 13:03:52] User: elisabetta | Action: failed_login
[2026-10-08 20:51:52] User: felix | Action: logged_in
[2026-10-07 18:48:52] User: willow | Action: read_email
[2026-10-08 19:16:52] User: margaret | Action: downloaded_confidential_file
[2026-10-02 11:01:52] User: nicole | Action: failed_login
[2026-10-05 10:21:52] User: rebecca | Action: read_email
[2026-10-06 21:25:52] User: lily | Action: deleted_database
[2026-10-08 22:05:52] User: francesca | Action: accessed_shared_drive
[2026-10-02 03:03:52] User: namjoon | Action: read_email
[2026-10-04 14:35:52] User: nicole | Action: logged_out
[2026-10-07 04:43:52] User: henry | Action: update_profile
[2026-10-02 01:49:52] User: julie | Action: password_changed
[2026-10-04 04:27:52] User: james | Action: deleted_database
[2026-10-06 00:14:52] User: matilda | Action: accessed_shared_drive
[2026-10-05 12:28:52] User: jungkook | Action: failed_login
[2026-10-05 05:14:52] User: chloe | Action: failed_login
[2026-10-07 14:59:52] User: jungkook | Action: logged_in
[2026-10-02 07:35:52] User: francesca | Action: update_profile
[2026-10-02 07:42:52] User: jackson | Action: logged_out
[2026-10-07 05:48:52] User: jimin | Action: password_changed
[2026-10-08 16:06:52] User: matilda | Action: password_changed
[2026-10-04 12:51:52] User: diana | Action: read_email
[2026-10-08 21:44:52] User: margaret | Action: deleted_database
[2026-10-03 13:25:52] User: antonio | Action: update_profile
[2026-10-06 06:53:52] User: thomas | Action: accessed_shared_drive
[2026-10-03 09:26:52] User: jennie | Action: update_profile
[2026-10-03 03:15:52] User: jane | Action: downloaded_confidential_file
[2026-10-04 10:46:52] User: laura | Action: read_email
[2026-10-06 07:28:52] User: chloe | Action: deleted_database
[2026-10-03 07:11:52] User: jungkook | Action: read_email
[2026-10-08 07:26:52] User: nicole | Action: logged_in
[2026-10-05 09:29:52] User: laura | Action: update_profile
[2026-10-04 21:05:52] User: karina | Action: logged_in
[2026-10-05 12:37:52] User: james | Action: password_changed
[2026-10-02 22:05:52] User: rebecca | Action: failed_login
[2026-10-07 05:16:52] User: jimin | Action: update_profile
[2026-10-04 11:07:52] User: jin | Action: accessed_shared_drive
[2026-10-08 09:53:52] User: james | Action: logged_in
[2026-10-04 04:45:52] User: rebecca | Action: update_profile
[2026-10-06 03:49:52] User: elisabetta | Action: logged_in
[2026-10-06 05:45:52] User: henry | Action: password_changed
[2026-10-08 08:34:52] User: jimin | Action: logged_out
[2026-10-05 08:49:52] User: william | Action: read_email
[2026-10-06 10:07:52] User: luca | Action: logged_out
[2026-10-08 21:16:52] User: jennie | Action: password_changed
[2026-10-07 06:59:52] User: julie | Action: deleted_database
[2026-10-02 18:02:52] User: yoonki | Action: password_changed
[2026-10-02 09:07:52] User: karina | Action: password_changed
[2026-10-04 00:59:52] User: james | Action: downloaded_confidential_file
[2026-10-05 18:12:52] User: jisoo | Action: logged_out
[2026-10-03 02:03:52] User: jimin | Action: downloaded_confidential_file
[2026-10-06 15:56:52] User: jungkook | Action: password_changed
[2026-10-04 22:46:52] User: emily | Action: deleted_database
[2026-10-04 22:58:52] User: elisabetta | Action: update_profile
[2026-10-03 11:38:52] User: jisoo | Action: update_profile
[2026-10-08 01:59:52] User: willow | Action: downloaded_confidential_file
[2026-10-04 12:31:52] User: rebecca | Action: logged_out
[2026-10-06 07:59:52] User: felix | Action: update_profile
[2026-10-04 12:05:52] User: luca | Action: read_email
[2026-10-06 03:45:52] User: james | Action: update_profile
[2026-10-05 15:12:52] User: kevin | Action: accessed_shared_drive
[2026-10-03 01:34:52] User: chloe | Action: failed_login
[2026-10-02 13:00:52] User: jennie | Action: read_email
[2026-10-05 14:42:52] User: jin | Action: password_changed
[2026-10-03 20:30:52] User: lisa | Action: update_profile
[2026-10-06 08:15:52] User: namjoon | Action: failed_login
[2026-10-08 13:03:52] User: emily | Action: password_changed
[2026-10-08 00:15:52] User: jin | Action: accessed_shared_drive
[2026-10-04 05:09:52] User: james | Action: failed_login
[2026-10-07 13:02:52] User: matilda | Action: downloaded_confidential_file
[2026-10-06 07:55:52] User: yoonki | Action: logged_out
[2026-10-03 09:09:52] User: jin | Action: failed_login
[2026-10-05 20:11:52] User: lisa | Action: accessed_shared_drive
[2026-10-07 06:09:52] User: jennie | Action: logged_out
[2026-10-02 23:23:52] User: william | Action: failed_login
[2026-10-06 23:24:52] User: diana | Action: failed_login
[2026-10-06 13:39:52] User: james | Action: failed_login
[2026-10-06 02:50:52] User: sarah | Action: failed_login
[2026-10-03 01:01:52] User: jungkook | Action: read_email
[2026-10-02 19:12:52] User: emily | Action: read_email
[2026-10-03 20:14:52] User: nicole | Action: password_changed
[2026-10-05 18:18:52] User: julie | Action: logged_out
[2026-10-08 20:07:52] User: antonio | Action: logged_in
[2026-10-03 08:38:52] User: kevin | Action: accessed_shared_drive
[2026-10-02 23:01:52] User: rebecca | Action: deleted_database
[2026-10-02 21:21:52] User: jane | Action: deleted_database
[2026-10-05 11:37:52] User: jane | Action: logged_in
[2026-10-06 03:16:52] User: james | Action: update_profile
[2026-10-05 02:49:52] User: yoonki | Action: failed_login
[2026-10-03 05:11:52] User: lisa | Action: failed_login
[2026-10-06 12:53:52] User: thomas | Action: logged_out
[2026-10-07 23:16:52] User: henry | Action: downloaded_confidential_file
[2026-10-02 15:53:52] User: sarah | Action: password_changed
[2026-10-08 22:14:52] User: chloe | Action: logged_out
[2026-10-07 10:54:52] User: sarah | Action: accessed_shared_drive
[2026-10-03 00:55:52] User: rebecca | Action: accessed_shared_drive
[2026-10-07 11:34:52] User: thomas | Action: password_changed
[2026-10-03 14:24:52] User: alex | Action: update_profile
[2026-10-04 08:44:52] User: jisoo | Action: logged_out
[2026-10-07 04:29:52] User: lisa | Action: logged_in
[2026-10-08 18:16:52] User: jungkook | Action: logged_in
[2026-10-05 02:39:52] User: jin | Action: password_changed
[2026-10-06 20:27:52] User: emily | Action: password_changed
[2026-10-06 01:03:52] User: matilda | Action: failed_login
[2026-10-08 19:51:52] User: namjoon | Action: password_changed
[2026-10-06 13:30:52] User: jackson | Action: failed_login
[2026-10-07 07:42:52] User: jisoo | Action: logged_in
[2026-10-03 15:25:52] User: alex | Action: deleted_database
[2026-10-08 10:33:52] User: jisoo | Action: accessed_shared_drive
[2026-10-03 03:15:52] User: henry | Action: accessed_shared_drive
[2026-10-07 12:24:52] User: namjoon | Action: accessed_shared_drive
[2026-10-08 02:14:52] User: thomas | Action: read_email
[2026-10-07 06:14:52] User: willow | Action: update_profile
[2026-10-08 02:05:52] User: james | Action: logged_out
[2026-10-03 11:01:52] User: jungkook | Action: update_profile
[2026-10-04 21:14:52] User: alex | Action: logged_out
[2026-10-04 15:46:52] User: lisa | Action: accessed_shared_drive
[2026-10-03 10:15:52] User: yoonki | Action: logged_out
[2026-10-02 16:26:52] User: chloe | Action: logged_in
[2026-10-07 07:34:52] User: jin | Action: read_email
[2026-10-03 10:34:52] User: lisa | Action: logged_in
[2026-10-08 17:58:52] User: luca | Action: downloaded_confidential_file
[2026-10-07 18:07:52] User: nicole | Action: read_email
[2026-10-03 18:50:52] User: jimin | Action: failed_login
[2026-10-04 07:05:52] User: diana | Action: update_profile
[2026-10-02 00:59:52] User: julie | Action: password_changed
[2026-10-02 23:11:52] User: elisabetta | Action: logged_out
[2026-10-03 01:00:52] User: jackson | Action: failed_login
[2026-10-07 07:22:52] User: karina | Action: downloaded_confidential_file
[2026-10-02 17:56:52] User: jungkook | Action: accessed_shared_drive
[2026-10-05 04:49:52] User: laura | Action: logged_in
[2026-10-05 06:47:52] User: jackson | Action: password_changed
[2026-10-08 13:32:52] User: alex | Action: logged_in
[2026-10-06 00:17:52] User: alex | Action: password_changed
[2026-10-06 04:50:52] User: chloe | Action: password_changed
[2026-10-04 19:01:52] User: matilda | Action: logged_out
[2026-10-02 17:03:52] User: emily | Action: read_email
[2026-10-03 03:03:52] User: felix | Action: logged_in
[2026-10-06 15:02:52] User: sarah | Action: accessed_shared_drive
[2026-10-05 05:29:52] User: jennie | Action: deleted_database
[2026-10-07 04:28:52] User: willow | Action: logged_out
[2026-10-08 01:36:52] User: elisabetta | Action: update_profile
[2026-10-06 21:20:52] User: jisoo | Action: update_profile
[2026-10-08 03:32:52] User: sarah | Action: deleted_database
[2026-10-06 17:44:52] User: jennie | Action: downloaded_confidential_file
[2026-10-03 19:20:52] User: nicole | Action: logged_out
[2026-10-05 18:43:52] User: lily | Action: downloaded_confidential_file
[2026-10-04 16:45:52] User: jimin | Action: update_profile
[2026-10-06 19:31:52] User: lisa | Action: logged_in
[2026-10-04 09:45:52] User: jin | Action: accessed_shared_drive
[2026-10-03 03:41:52] User: felix | Action: failed_login
[2026-10-03 10:29:52] User: laura | Action: logged_in
[2026-10-08 00:17:52] User: luca | Action: logged_in
[2026-10-02 01:35:52] User: jackson | Action: logged_out
[2026-10-07 11:37:52] User: jackson | Action: accessed_shared_drive
[2026-10-04 13:26:52] User: chloe | Action: logged_in
[2026-10-03 21:27:52] User: matilda | Action: logged_in
[2026-10-04 11:06:52] User: nicole | Action: update_profile
[2026-10-02 15:37:52] User: yoonki | Action: logged_in
[2026-10-02 22:47:52] User: jin | Action: logged_in
[2026-10-03 02:12:52] User: luca | Action: update_profile
[2026-10-07 14:49:52] User: henry | Action: update_profile
[2026-10-04 10:21:52] User: lisa | Action: failed_login
[2026-10-03 14:05:52] User: william | Action: logged_out
[2026-10-03 09:22:52] User: james | Action: read_email
[2026-10-07 13:58:52] User: suspect66 | Action: password_changed
[2026-10-06 05:44:52] User: henry | Action: logged_in
[2026-10-05 02:34:52] User: willow | Action: logged_out
[2026-10-07 00:12:52] User: alex | Action: failed_login
[2026-10-05 09:05:52] User: antonio | Action: deleted_database
[2026-10-06 04:11:52] User: jin | Action: failed_login
[2026-10-05 23:47:52] User: suspect66 | Action: accessed_shared_drive
[2026-10-04 12:55:52] User: william | Action: accessed_shared_drive
[2026-10-05 03:10:52] User: namjoon | Action: accessed_shared_drive
[2026-10-05 03:14:52] User: felix | Action: logged_in
[2026-10-06 16:08:52] User: diana | Action: failed_login
[2026-10-06 08:58:52] User: lily | Action: read_email
[2026-10-06 13:41:52] User: diana | Action: accessed_shared_drive
[2026-10-08 20:53:52] User: jennie | Action: deleted_database
[2026-10-07 13:30:52] User: emily | Action: logged_in
[2026-10-06 13:17:52] User: suspect66 | Action: logged_in
[2026-10-05 09:22:52] User: rebecca | Action: logged_in
[2026-10-08 14:25:52] User: james | Action: downloaded_confidential_file
[2026-10-04 16:07:52] User: william | Action: failed_login
[2026-10-02 05:18:52] User: rebecca | Action: logged_in
[2026-10-06 09:45:52] User: alex | Action: password_changed
[2026-10-04 23:56:52] User: chloe | Action: downloaded_confidential_file
[2026-10-04 16:25:52] User: henry | Action: read_email
[2026-10-04 07:31:52] User: jane | Action: logged_in
[2026-10-02 15:36:52] User: jennie | Action: update_profile
[2026-10-08 07:36:52] User: jane | Action: logged_out
[2026-10-05 15:17:52] User: alex | Action: accessed_shared_drive
[2026-10-07 01:23:52] User: kevin | Action: deleted_database
[2026-10-06 12:10:52] User: kevin | Action: accessed_shared_drive
[2026-10-04 08:17:52] User: sarah | Action: accessed_shared_drive
[2026-10-02 07:43:52] User: namjoon | Action: accessed_shared_drive
[2026-10-05 00:26:52] User: nicole | Action: logged_in
[2026-10-07 12:55:52] User: elisabetta | Action: logged_in
[2026-10-06 06:32:52] User: jin | Action: failed_login
[2026-10-05 22:17:52] User: james | Action: password_changed
[2026-10-07 18:16:52] User: karina | Action: deleted_database
[2026-10-04 01:22:52] User: jimin | Action: deleted_database
[2026-10-05 22:40:52] User: karina | Action: read_email
[2026-10-07 08:07:52] User: alex | Action: logged_out
[2026-10-06 20:33:52] User: jennie | Action: password_changed
[2026-10-07 02:21:52] User: willow | Action: accessed_shared_drive
[2026-10-06 21:48:52] User: karina | Action: failed_login
[2026-10-03 05:05:52] User: jin | Action: deleted_database
[2026-10-03 05:14:52] User: jennie | Action: downloaded_confidential_file
[2026-10-07 12:54:52] User: matilda | Action: deleted_database
[2026-10-05 19:14:52] User: namjoon | Action: logged_in
[2026-10-04 23:24:52] User: diana | Action: read_email
[2026-10-02 16:03:52] User: matilda | Action: logged_out
[2026-10-02 00:45:52] User: felix | Action: failed_login
[2026-10-04 14:57:52] User: matilda | Action: downloaded_confidential_file
[2026-10-03 00:07:52] User: julie | Action: failed_login
[2026-10-03 03:50:52] User: julie | Action: password_changed
[2026-10-07 12:51:52] User: laura | Action: logged_in
[2026-10-04 20:19:52] User: henry | Action: downloaded_confidential_file
[2026-10-08 03:20:52] User: felix | Action: password_changed
[2026-10-07 13:11:52] User: elisabetta | Action: read_email
[2026-10-07 19:38:52] User: jackson | Action: downloaded_confidential_file
[2026-10-04 18:03:52] User: james | Action: read_email
[2026-10-07 05:26:52] User: james | Action: accessed_shared_drive
[2026-10-02 20:52:52] User: kevin | Action: logged_out
[2026-10-02 12:37:52] User: emily | Action: failed_login
[2026-10-04 09:35:52] User: jane | Action: read_email
[2026-10-08 20:34:52] User: nicole | Action: update_profile
[2026-10-06 03:26:52] User: diana | Action: update_profile
[2026-10-02 22:14:52] User: henry | Action: password_changed
[2026-10-05 22:10:52] User: felix | Action: deleted_database
[2026-10-06 06:45:52] User: margaret | Action: deleted_database
[2026-10-06 11:59:52] User: karina | Action: read_email
[2026-10-06 14:09:52] User: julie | Action: logged_in
[2026-10-05 03:45:52] User: jisoo | Action: failed_login
[2026-10-08 15:10:52] User: francesca | Action: read_email
[2026-10-02 21:06:52] User: laura | Action: logged_out
[2026-10-06 04:34:52] User: laura | Action: logged_out
[2026-10-03 06:39:52] User: henry | Action: update_profile
[2026-10-04 18:23:52] User: jisoo | Action: failed_login
[2026-10-07 07:43:52] User: namjoon | Action: logged_in
[2026-10-07 05:09:52] User: karina | Action: accessed_shared_drive
[2026-10-04 20:08:52] User: jennie | Action: password_changed
[2026-10-07 21:46:52] User: luca | Action: failed_login
[2026-10-07 10:54:52] User: matilda | Action: read_email
[2026-10-08 07:22:52] User: antonio | Action: deleted_database
[2026-10-07 05:31:52] User: thomas | Action: deleted_database
[2026-10-02 03:32:52] User: matilda | Action: read_email
[2026-10-05 11:01:52] User: chloe | Action: read_email
[2026-10-04 13:10:52] User: luca | Action: logged_in
[2026-10-06 23:57:52] User: felix | Action: failed_login
[2026-10-03 10:45:52] User: jennie | Action: downloaded_confidential_file
[2026-10-08 21:54:52] User: laura | Action: accessed_shared_drive
[2026-10-02 19:43:52] User: francesca | Action: logged_out
[2026-10-05 23:25:52] User: sarah | Action: password_changed
[2026-10-02 23:42:52] User: elisabetta | Action: update_profile
[2026-10-02 16:44:52] User: namjoon | Action: downloaded_confidential_file
[2026-10-05 11:09:52] User: emily | Action: downloaded_confidential_file
[2026-10-03 11:13:52] User: elisabetta | Action: deleted_database
[2026-10-08 02:28:52] User: namjoon | Action: logged_in
[2026-10-05 09:00:52] User: jane | Action: deleted_database
[2026-10-04 22:23:52] User: jennie | Action: logged_out
[2026-10-05 22:26:52] User: emily | Action: update_profile
[2026-10-02 19:44:52] User: felix | Action: deleted_database
[2026-10-04 13:27:52] User: felix | Action: password_changed
[2026-10-05 08:11:52] User: kevin | Action: failed_login
[2026-10-08 00:54:52] User: jisoo | Action: read_email
[2026-10-02 05:41:52] User: jin | Action: logged_in
[2026-10-08 22:31:52] User: jane | Action: failed_login
[2026-10-05 06:03:52] User: jungkook | Action: logged_out
[2026-10-07 15:44:52] User: willow | Action: failed_login
[2026-10-05 21:44:52] User: rebecca | Action: failed_login
[2026-10-06 02:32:52] User: jisoo | Action: deleted_database
[2026-10-02 13:58:52] User: elisabetta | Action: accessed_shared_drive
[2026-10-08 06:13:52] User: elisabetta | Action: read_email
[2026-10-04 04:26:52] User: julie | Action: downloaded_confidential_file
[2026-10-08 07:08:52] User: yoonki | Action: deleted_database
[2026-10-03 21:00:52] User: nicole | Action: update_profile
[2026-10-04 07:31:52] User: sarah | Action: password_changed
[2026-10-03 09:45:52] User: kevin | Action: failed_login
[2026-10-07 20:46:52] User: elisabetta | Action: logged_in
[2026-10-03 06:27:52] User: william | Action: read_email
[2026-10-03 03:48:52] User: luca | Action: read_email
[2026-10-05 01:57:52] User: diana | Action: accessed_shared_drive
[2026-10-08 07:24:52] User: rebecca | Action: logged_out
[2026-10-02 13:25:52] User: jisoo | Action: read_email
[2026-10-03 12:50:52] User: yoonki | Action: password_changed
[2026-10-04 06:28:52] User: elisabetta | Action: failed_login
[2026-10-04 08:41:52] User: emily | Action: read_email
[2026-10-06 14:11:52] User: henry | Action: read_email
[2026-10-03 14:58:52] User: alex | Action: update_profile
[2026-10-04 10:58:52] User: elisabetta | Action: password_changed
[2026-10-02 00:34:52] User: diana | Action: logged_out
[2026-10-07 15:00:52] User: jackson | Action: logged_in
[2026-10-05 19:08:52] User: luca | Action: logged_in
[2026-10-03 14:54:52] User: nicole | Action: deleted_database
[2026-10-02 23:27:52] User: suspect66 | Action: accessed_shared_drive
[2026-10-08 06:19:52] User: chloe | Action: password_changed
[2026-10-07 08:02:52] User: julie | Action: update_profile
[2026-10-05 11:28:52] User: jungkook | Action: logged_out
[2026-10-07 15:10:52] User: willow | Action: deleted_database
[2026-10-07 18:36:52] User: matilda | Action: failed_login
[2026-10-03 22:42:52] User: francesca | Action: deleted_database
[2026-10-07 09:26:52] User: jennie | Action: failed_login
[2026-10-02 10:47:52] User: emily | Action: deleted_database
[2026-10-02 10:03:52] User: laura | Action: logged_in
[2026-10-02 17:56:52] User: emily | Action: password_changed
[2026-10-03 01:47:52] User: henry | Action: logged_out
[2026-10-07 11:13:52] User: rebecca | Action: logged_out
[2026-10-03 09:59:52] User: diana | Action: password_changed
[2026-10-05 05:27:52] User: sarah | Action: password_changed
[2026-10-02 14:24:52] User: francesca | Action: downloaded_confidential_file
[2026-10-08 14:25:52] User: namjoon | Action: accessed_shared_drive
[2026-10-04 22:49:52] User: lily | Action: failed_login
[2026-10-08 10:35:52] User: lisa | Action: logged_in
[2026-10-03 20:27:52] User: jackson | Action: password_changed
[2026-10-05 04:02:52] User: jisoo | Action: update_profile
[2026-10-02 01:35:52] User: sarah | Action: logged_out
[2026-10-02 14:42:52] User: james | Action: logged_out
[2026-10-04 12:11:52] User: laura | Action: logged_out
[2026-10-02 21:58:52] User: kevin | Action: accessed_shared_drive
[2026-10-07 17:28:52] User: laura | Action: logged_in
[2026-10-03 22:46:52] User: jungkook | Action: logged_out
[2026-10-02 16:34:52] User: alex | Action: password_changed
[2026-10-04 10:52:52] User: chloe | Action: password_changed
[2026-10-07 17:26:52] User: namjoon | Action: accessed_shared_drive
[2026-10-06 16:11:52] User: yoonki | Action: failed_login
[2026-10-06 03:53:52] User: nicole | Action: logged_out
[2026-10-02 16:33:52] User: laura | Action: failed_login
[2026-10-07 13:05:52] User: henry | Action: downloaded_confidential_file
[2026-10-08 11:40:52] User: rebecca | Action: logged_out
[2026-10-03 14:19:52] User: thomas | Action: deleted_database
[2026-10-08 14:52:52] User: felix | Action: downloaded_confidential_file
[2026-10-08 06:27:52] User: jin | Action: read_email
[2026-10-03 06:41:52] User: margaret | Action: downloaded_confidential_file
[2026-10-06 22:16:52] User: namjoon | Action: downloaded_confidential_file
[2026-10-04 23:47:52] User: jimin | Action: password_changed
[2026-10-07 19:07:52] User: henry | Action: logged_out
[2026-10-04 13:12:52] User: jungkook | Action: logged_out
[2026-10-06 05:52:52] User: yoonki | Action: downloaded_confidential_file
[2026-10-07 03:34:52] User: chloe | Action: failed_login
[2026-10-08 14:33:52] User: lily | Action: failed_login
[2026-10-02 20:18:52] User: jungkook | Action: downloaded_confidential_file
[2026-10-03 06:13:52] User: matilda | Action: update_profile
[2026-10-08 08:22:52] User: elisabetta | Action: logged_in
[2026-10-04 00:25:52] User: james | Action: password_changed
[2026-10-03 17:56:52] User: luca | Action: downloaded_confidential_file
[2026-10-07 12:31:52] User: willow | Action: deleted_database
[2026-10-02 23:50:52] User: jisoo | Action: failed_login
[2026-10-02 16:01:52] User: rebecca | Action: failed_login
[2026-10-03 07:00:52] User: jimin | Action: accessed_shared_drive
[2026-10-08 09:59:52] User: margaret | Action: update_profile
[2026-10-04 02:12:52] User: chloe | Action: downloaded_confidential_file
[2026-10-08 07:37:52] User: jungkook | Action: read_email
[2026-10-05 12:32:52] User: henry | Action: accessed_shared_drive
[2026-10-07 14:08:52] User: emily | Action: deleted_database
[2026-10-02 12:41:52] User: diana | Action: logged_out
[2026-10-08 11:20:52] User: jane | Action: password_changed
[2026-10-08 06:22:52] User: jimin | Action: logged_out
[2026-10-02 06:12:52] User: henry | Action: read_email
[2026-10-07 11:00:52] User: henry | Action: downloaded_confidential_file
[2026-10-07 13:49:52] User: margaret | Action: failed_login
[2026-10-03 18:44:52] User: yoonki | Action: read_email
[2026-10-03 04:18:52] User: william | Action: accessed_shared_drive
[2026-10-06 02:51:52] User: francesca | Action: accessed_shared_drive
[2026-10-03 18:35:52] User: alex | Action: read_email
[2026-10-02 03:41:52] User: alex | Action: read_email
[2026-10-02 16:33:52] User: francesca | Action: accessed_shared_drive
[2026-10-08 15:21:52] User: willow | Action: downloaded_confidential_file
[2026-10-03 11:54:52] User: lily | Action: downloaded_confidential_file
[2026-10-08 12:07:52] User: diana | Action: password_changed
[2026-10-08 17:28:52] User: suspect66 | Action: read_email
[2026-10-04 09:49:52] User: julie | Action: logged_in
[2026-10-07 12:53:52] User: julie | Action: update_profile
[2026-10-05 13:49:52] User: jisoo | Action: logged_in
[2026-10-02 07:15:52] User: jennie | Action: failed_login
[2026-10-04 18:10:52] User: sarah | Action: read_email
[2026-10-02 16:09:52] User: jisoo | Action: password_changed
[2026-10-02 09:50:52] User: james | Action: failed_login
[2026-10-04 16:24:52] User: yoonki | Action: read_email
[2026-10-08 20:53:52] User: jisoo | Action: accessed_shared_drive
[2026-10-04 08:24:52] User: lily | Action: accessed_shared_drive
[2026-10-08 00:57:52] User: francesca | Action: read_email
[2026-10-03 07:37:52] User: nicole | Action: read_email
[2026-10-05 23:15:52] User: elisabetta | Action: failed_login
[2026-10-05 13:25:52] User: suspect66 | Action: read_email
[2026-10-05 04:50:52] User: jimin | Action: update_profile
[2026-10-04 14:52:52] User: jane | Action: accessed_shared_drive
[2026-10-05 06:27:52] User: william | Action: update_profile
[2026-10-04 23:14:52] User: julie | Action: accessed_shared_drive
[2026-10-05 02:46:52] User: matilda | Action: downloaded_confidential_file
[2026-10-08 15:58:52] User: felix | Action: downloaded_confidential_file
[2026-10-03 15:33:52] User: diana | Action: password_changed
[2026-10-04 12:33:52] User: karina | Action: downloaded_confidential_file
[2026-10-05 00:29:52] User: laura | Action: downloaded_confidential_file
[2026-10-08 16:06:52] User: lily | Action: downloaded_confidential_file
[2026-10-04 10:23:52] User: emily | Action: failed_login
[2026-10-08 10:48:52] User: felix | Action: update_profile
[2026-10-06 07:22:52] User: felix | Action: password_changed
[2026-10-07 20:37:52] User: sarah | Action: accessed_shared_drive
[2026-10-02 05:13:52] User: kevin | Action: logged_in
[2026-10-06 20:06:52] User: julie | Action: downloaded_confidential_file
[2026-10-03 18:52:52] User: jin | Action: accessed_shared_drive
[2026-10-07 09:24:52] User: jennie | Action: logged_out
[2026-10-02 06:01:52] User: luca | Action: password_changed
[2026-10-03 16:30:52] User: jimin | Action: read_email
[2026-10-08 11:00:52] User: felix | Action: failed_login
[2026-10-04 18:26:52] User: jennie | Action: deleted_database
[2026-10-06 18:40:52] User: karina | Action: update_profile
[2026-10-08 22:19:52] User: william | Action: accessed_shared_drive
[2026-10-02 09:59:52] User: emily | Action: downloaded_confidential_file
[2026-10-06 08:51:52] User: nicole | Action: update_profile
[2026-10-03 02:45:52] User: sarah | Action: password_changed
[2026-10-08 04:28:52] User: jimin | Action: downloaded_confidential_file
[2026-10-08 04:31:52] User: jackson | Action: password_changed
[2026-10-05 10:32:52] User: julie | Action: downloaded_confidential_file
[2026-10-06 01:27:52] User: laura | Action: deleted_database
[2026-10-06 08:16:52] User: karina | Action: password_changed
[2026-10-02 02:45:52] User: kevin | Action: accessed_shared_drive
[2026-10-05 15:04:52] User: jimin | Action: failed_login
[2026-10-03 06:26:52] User: jungkook | Action: failed_login
[2026-10-04 22:35:52] User: jennie | Action: update_profile
[2026-10-05 23:29:52] User: jin | Action: deleted_database
[2026-10-06 10:00:52] User: margaret | Action: deleted_database
[2026-10-05 09:21:52] User: julie | Action: password_changed
[2026-10-07 18:32:52] User: jackson | Action: failed_login
[2026-10-06 14:58:52] User: julie | Action: accessed_shared_drive
[2026-10-07 09:17:52] User: jisoo | Action: update_profile
[2026-10-07 05:38:52] User: jackson | Action: password_changed
[2026-10-04 01:07:52] User: jisoo | Action: logged_out
[2026-10-08 07:30:52] User: willow | Action: failed_login
[2026-10-02 05:53:52] User: willow | Action: failed_login
[2026-10-04 04:34:52] User: kevin | Action: password_changed
[2026-10-08 09:17:52] User: jane | Action: accessed_shared_drive
[2026-10-06 05:02:52] User: kevin | Action: logged_in
[2026-10-08 11:25:52] User: luca | Action: password_changed
[2026-10-08 19:01:52] User: rebecca | Action: update_profile
[2026-10-06 20:40:52] User: emily | Action: deleted_database
[2026-10-05 17:49:52] User: willow | Action: failed_login
[2026-10-03 00:27:52] User: antonio | Action: update_profile
[2026-10-04 09:32:52] User: rebecca | Action: deleted_database
[2026-10-03 14:06:52] User: jane | Action: password_changed
[2026-10-08 02:43:52] User: yoonki | Action: failed_login
[2026-10-08 08:06:52] User: chloe | Action: deleted_database
[2026-10-05 03:16:52] User: namjoon | Action: logged_in
[2026-10-06 01:27:52] User: matilda | Action: downloaded_confidential_file
[2026-10-03 22:45:52] User: thomas | Action: update_profile
[2026-10-04 00:14:52] User: francesca | Action: update_profile
[2026-10-02 06:20:52] User: sarah | Action: update_profile
[2026-10-05 08:26:52] User: jungkook | Action: logged_out
[2026-10-02 00:34:52] User: suspect66 | Action: update_profile
[2026-10-04 04:41:52] User: william | Action: failed_login
[2026-10-02 01:20:52] User: antonio | Action: accessed_shared_drive
[2026-10-05 18:16:52] User: jimin | Action: logged_out
[2026-10-07 12:54:52] User: nicole | Action: failed_login
[2026-10-03 15:42:52] User: matilda | Action: downloaded_confidential_file
[2026-10-05 00:38:52] User: diana | Action: update_profile
[2026-10-08 15:41:52] User: jane | Action: logged_out
[2026-10-08 15:15:52] User: julie | Action: downloaded_confidential_file
[2026-10-06 23:12:52] User: lily | Action: logged_in
[2026-10-07 03:43:52] User: thomas | Action: password_changed
[2026-10-05 21:42:52] User: felix | Action: read_email
[2026-10-04 17:26:52] User: laura | Action: logged_in
[2026-10-04 09:21:52] User: yoonki | Action: update_profile
[2026-10-03 02:21:52] User: chloe | Action: failed_login
[2026-10-02 22:00:52] User: nicole | Action: accessed_shared_drive
[2026-10-04 21:38:52] User: thomas | Action: accessed_shared_drive
[2026-10-07 01:14:52] User: yoonki | Action: read_email
[2026-10-04 17:52:52] User: nicole | Action: accessed_shared_drive
[2026-10-03 22:07:52] User: rebecca | Action: read_email
[2026-10-07 16:32:52] User: chloe | Action: accessed_shared_drive
[2026-10-03 18:38:52] User: james | Action: failed_login
[2026-10-08 04:31:52] User: willow | Action: deleted_database
[2026-10-07 14:43:52] User: jin | Action: accessed_shared_drive
[2026-10-08 10:32:52] User: jin | Action: accessed_shared_drive
[2026-10-08 05:37:52] User: lily | Action: read_email
[2026-10-04 17:47:52] User: emily | Action: deleted_database
[2026-10-07 21:10:52] User: thomas | Action: password_changed
[2026-10-04 22:35:52] User: jane | Action: update_profile
[2026-10-07 19:23:52] User: laura | Action: read_email
[2026-10-04 21:01:52] User: suspect66 | Action: downloaded_confidential_file
[2026-10-08 22:05:52] User: henry | Action: read_email
[2026-10-03 06:20:52] User: kevin | Action: update_profile
[2026-10-04 06:28:52] User: emily | Action: logged_out
[2026-10-05 12:55:52] User: sarah | Action: read_email
[2026-10-04 10:10:52] User: lily | Action: accessed_shared_drive
[2026-10-03 21:00:52] User: suspect66 | Action: failed_login
[2026-10-02 21:28:52] User: chloe | Action: update_profile
[2026-10-03 15:15:52] User: rebecca | Action: failed_login
[2026-10-05 20:30:52] User: jin | Action: failed_login
[2026-10-03 23:07:52] User: rebecca | Action: password_changed
[2026-10-03 15:31:52] User: jane | Action: password_changed
[2026-10-08 20:18:52] User: yoonki | Action: password_changed
[2026-10-06 23:10:52] User: chloe | Action: logged_in
[2026-10-07 00:44:52] User: william | Action: read_email
[2026-10-07 05:12:52] User: diana | Action: failed_login
[2026-10-02 02:32:52] User: laura | Action: update_profile
[2026-10-03 14:43:52] User: lisa | Action: password_changed
[2026-10-07 13:03:52] User: luca | Action: logged_out
[2026-10-05 13:42:52] User: chloe | Action: failed_login
[2026-10-07 17:39:52] User: suspect66 | Action: logged_out
[2026-10-07 07:06:52] User: jisoo | Action: password_changed
[2026-10-04 10:08:52] User: margaret | Action: update_profile
[2026-10-03 03:36:52] User: william | Action: accessed_shared_drive
[2026-10-07 22:20:52] User: suspect66 | Action: accessed_shared_drive
[2026-10-03 06:56:52] User: chloe | Action: failed_login
[2026-10-08 13:37:52] User: jungkook | Action: read_email
[2026-10-03 09:06:52] User: suspect66 | Action: update_profile
[2026-10-04 08:59:52] User: emily | Action: deleted_database
[2026-10-04 04:02:52] User: sarah | Action: failed_login
[2026-10-03 00:25:52] User: sarah | Action: password_changed
[2026-10-06 03:13:52] User: antonio | Action: accessed_shared_drive
[2026-10-08 19:48:52] User: nicole | Action: accessed_shared_drive
[2026-10-06 07:42:52] User: suspect66 | Action: update_profile
[2026-10-03 21:24:52] User: emily | Action: deleted_database
[2026-10-06 13:30:52] User: jungkook | Action: deleted_database
[2026-10-06 12:57:52] User: jungkook | Action: logged_out
[2026-10-02 15:05:52] User: karina | Action: update_profile
[2026-10-02 00:45:52] User: elisabetta | Action: logged_out
[2026-10-02 17:15:52] User: jungkook | Action: password_changed
[2026-10-03 10:16:52] User: thomas | Action: logged_out
[2026-10-08 03:12:52] User: felix | Action: downloaded_confidential_file
[2026-10-02 15:18:52] User: yoonki | Action: failed_login
[2026-10-07 18:32:52] User: chloe | Action: read_email
[2026-10-06 03:48:52] User: jackson | Action: logged_in
[2026-10-07 13:52:52] User: henry | Action: logged_in
[2026-10-02 21:42:52] User: elisabetta | Action: update_profile
[2026-10-04 08:07:52] User: laura | Action: downloaded_confidential_file
[2026-10-04 07:30:52] User: karina | Action: downloaded_confidential_file
[2026-10-07 02:25:52] User: henry | Action: deleted_database
[2026-10-08 00:36:52] User: antonio | Action: accessed_shared_drive
[2026-10-02 07:47:52] User: jungkook | Action: password_changed
[2026-10-04 10:05:52] User: jimin | Action: password_changed
[2026-10-06 12:30:52] User: namjoon | Action: read_email
[2026-10-02 04:31:52] User: kevin | Action: failed_login
[2026-10-08 18:53:52] User: willow | Action: failed_login
[2026-10-07 23:40:52] User: alex | Action: failed_login
[2026-10-02 06:59:52] User: henry | Action: update_profile
[2026-10-04 06:57:52] User: matilda | Action: failed_login
[2026-10-03 16:38:52] User: suspect66 | Action: deleted_database
[2026-10-06 03:08:52] User: willow | Action: password_changed
[2026-10-04 22:46:52] User: lily | Action: update_profile
[2026-10-04 12:31:52] User: laura | Action: logged_out
[2026-10-07 05:55:52] User: suspect66 | Action: failed_login
[2026-10-02 15:05:52] User: matilda | Action: downloaded_confidential_file
[2026-10-07 00:07:52] User: sarah | Action: update_profile
[2026-10-03 14:38:52] User: jin | Action: deleted_database
[2026-10-08 05:17:52] User: namjoon | Action: logged_out
[2026-10-02 04:03:52] User: jane | Action: password_changed
[2026-10-05 22:50:52] User: matilda | Action: logged_out
[2026-10-06 20:01:52] User: jin | Action: logged_out
[2026-10-02 07:57:52] User: jungkook | Action: logged_in
[2026-10-02 04:14:52] User: rebecca | Action: accessed_shared_drive
[2026-10-02 18:09:52] User: james | Action: deleted_database
[2026-10-04 01:29:52] User: elisabetta | Action: failed_login
[2026-10-04 05:36:52] User: matilda | Action: downloaded_confidential_file
[2026-10-05 10:56:52] User: kevin | Action: accessed_shared_drive
[2026-10-03 15:33:52] User: nicole | Action: password_changed
[2026-10-03 07:09:52] User: henry | Action: password_changed
[2026-10-07 09:59:52] User: margaret | Action: logged_out
[2026-10-05 01:38:52] User: lily | Action: logged_in
[2026-10-04 16:17:52] User: alex | Action: update_profile
[2026-10-02 13:38:52] User: margaret | Action: password_changed
[2026-10-08 03:34:52] User: thomas | Action: downloaded_confidential_file
[2026-10-07 15:54:52] User: alex | Action: failed_login
[2026-10-05 21:45:52] User: matilda | Action: logged_in
[2026-10-08 07:13:52] User: antonio | Action: deleted_database
[2026-10-06 06:24:52] User: thomas | Action: logged_out
[2026-10-04 04:09:52] User: felix | Action: logged_in
[2026-10-06 15:30:52] User: elisabetta | Action: downloaded_confidential_file
[2026-10-06 22:16:52] User: lisa | Action: deleted_database
[2026-10-04 00:39:52] User: henry | Action: update_profile
[2026-10-07 19:22:52] User: jungkook | Action: logged_out
[2026-10-03 03:14:52] User: jackson | Action: read_email
[2026-10-05 08:26:52] User: james | Action: deleted_database
[2026-10-04 20:17:52] User: thomas | Action: password_changed
[2026-10-02 22:04:52] User: lisa | Action: deleted_database
[2026-10-02 23:22:52] User: margaret | Action: logged_in
[2026-10-07 15:31:52] User: felix | Action: update_profile
[2026-10-04 01:39:52] User: alex | Action: logged_out
[2026-10-05 23:44:52] User: lisa | Action: failed_login
[2026-10-04 05:25:52] User: jin | Action: failed_login
[2026-10-02 03:03:52] User: rebecca | Action: password_changed
[2026-10-03 20:31:52] User: nicole | Action: read_email
[2026-10-04 05:54:52] User: antonio | Action: password_changed
[2026-10-03 01:43:52] User: lily | Action: failed_login
[2026-10-08 14:11:52] User: julie | Action: failed_login
[2026-10-07 00:03:52] User: karina | Action: logged_in
[2026-10-05 08:57:52] User: kevin | Action: downloaded_confidential_file
[2026-10-06 13:55:52] User: henry | Action: accessed_shared_drive
[2026-10-06 01:46:52] User: alex | Action: logged_in
[2026-10-08 11:56:52] User: jimin | Action: logged_out
[2026-10-04 16:53:52] User: thomas | Action: deleted_database
[2026-10-02 13:28:52] User: laura | Action: logged_out
[2026-10-04 13:41:52] User: chloe | Action: downloaded_confidential_file
[2026-10-03 20:51:52] User: diana | Action: read_email
[2026-10-07 09:00:52] User: julie | Action: update_profile
[2026-10-06 16:22:52] User: matilda | Action: downloaded_confidential_file
[2026-10-06 03:21:52] User: felix | Action: logged_out
[2026-10-04 06:14:52] User: jane | Action: read_email
[2026-10-02 15:11:52] User: diana | Action: accessed_shared_drive
[2026-10-04 10:46:52] User: lily | Action: accessed_shared_drive
[2026-10-06 06:40:52] User: jisoo | Action: read_email
[2026-10-02 23:38:52] User: chloe | Action: deleted_database
[2026-10-04 06:39:52] User: jisoo | Action: read_email
[2026-10-04 07:32:52] User: lily | Action: accessed_shared_drive
[2026-10-08 20:10:52] User: luca | Action: logged_in
[2026-10-07 10:20:52] User: rebecca | Action: downloaded_confidential_file
[2026-10-08 21:02:52] User: chloe | Action: logged_out
[2026-10-02 15:41:52] User: matilda | Action: update_profile
[2026-10-03 04:38:52] User: yoonki | Action: failed_login
[2026-10-04 02:55:52] User: laura | Action: deleted_database
[2026-10-04 02:04:52] User: kevin | Action: update_profile
[2026-10-02 08:06:52] User: jimin | Action: failed_login
[2026-10-03 14:54:52] User: henry | Action: deleted_database
[2026-10-08 17:42:52] User: willow | Action: password_changed
[2026-10-05 17:17:52] User: rebecca | Action: deleted_database
[2026-10-06 20:13:52] User: jin | Action: password_changed
[2026-10-06 16:56:52] User: jin | Action: logged_in
[2026-10-06 01:08:52] User: kevin | Action: failed_login
[2026-10-04 00:39:52] User: diana | Action: failed_login
[2026-10-02 21:37:52] User: lily | Action: failed_login
[2026-10-03 16:32:52] User: emily | Action: deleted_database
[2026-10-07 06:32:52] User: william | Action: downloaded_confidential_file
[2026-10-07 02:16:52] User: margaret | Action: downloaded_confidential_file
[2026-10-07 01:04:52] User: julie | Action: downloaded_confidential_file
[2026-10-04 15:00:52] User: namjoon | Action: failed_login
[2026-10-03 01:38:52] User: luca | Action: logged_in
[2026-10-05 09:08:52] User: elisabetta | Action: read_email
[2026-10-02 12:53:52] User: karina | Action: deleted_database
[2026-10-05 03:37:52] User: laura | Action: read_email
[2026-10-03 03:01:52] User: karina | Action: logged_out
[2026-10-07 20:42:52] User: jane | Action: failed_login
[2026-10-02 22:56:52] User: lily | Action: update_profile
[2026-10-06 13:32:52] User: jennie | Action: accessed_shared_drive
[2026-10-05 19:16:52] User: kevin | Action: logged_in
[2026-10-02 15:48:52] User: matilda | Action: failed_login
[2026-10-05 22:28:52] User: antonio | Action: password_changed
[2026-10-04 06:21:52] User: henry | Action: password_changed
[2026-10-06 18:11:52] User: suspect66 | Action: password_changed
[2026-10-08 04:37:52] User: jisoo | Action: update_profile
[2026-10-03 18:25:52] User: jungkook | Action: deleted_database
[2026-10-04 22:11:52] User: nicole | Action: logged_out
[2026-10-07 18:45:52] User: jane | Action: logged_out
[2026-10-08 18:36:52] User: antonio | Action: downloaded_confidential_file
[2026-10-03 02:13:52] User: julie | Action: failed_login
[2026-10-05 15:14:52] User: emily | Action: update_profile
[2026-10-04 12:21:52] User: henry | Action: accessed_shared_drive
[2026-10-06 05:34:52] User: luca | Action: read_email
[2026-10-02 04:30:52] User: william | Action: logged_out
[2026-10-03 20:47:52] User: diana | Action: password_changed
[2026-10-06 11:55:52] User: sarah | Action: update_profile
[2026-10-07 19:19:52] User: william | Action: update_profile
[2026-10-04 04:50:52] User: chloe | Action: update_profile
[2026-10-06 16:50:52] User: jisoo | Action: update_profile
[2026-10-05 05:31:52] User: thomas | Action: downloaded_confidential_file
[2026-10-08 03:11:52] User: jimin | Action: update_profile
[2026-10-03 06:43:52] User: jungkook | Action: logged_in
[2026-10-08 21:00:52] User: julie | Action: deleted_database
[2026-10-07 00:35:52] User: thomas | Action: logged_out
[2026-10-02 03:51:52] User: laura | Action: update_profile
[2026-10-07 10:11:52] User: nicole | Action: read_email
[2026-10-03 13:11:52] User: james | Action: downloaded_confidential_file
[2026-10-04 11:49:52] User: jimin | Action: read_email
[2026-10-08 12:26:52] User: lily | Action: read_email
[2026-10-07 23:39:52] User: karina | Action: update_profile
[2026-10-07 02:45:52] User: jennie | Action: update_profile
[2026-10-03 11:20:52] User: lily | Action: password_changed
[2026-10-07 21:15:52] User: diana | Action: failed_login
[2026-10-04 09:01:52] User: lily | Action: failed_login
[2026-10-03 06:45:52] User: james | Action: failed_login
[2026-10-08 09:14:52] User: laura | Action: downloaded_confidential_file
[2026-10-05 22:30:52] User: emily | Action: failed_login
[2026-10-08 12:50:52] User: laura | Action: accessed_shared_drive
[2026-10-07 00:02:52] User: felix | Action: logged_in
[2026-10-04 07:43:52] User: karina | Action: logged_out
[2026-10-06 19:49:52] User: namjoon | Action: failed_login
[2026-10-04 16:36:52] User: antonio | Action: logged_out
[2026-10-08 10:28:52] User: kevin | Action: update_profile
[2026-10-08 17:12:52] User: jisoo | Action: deleted_database
[2026-10-07 08:12:52] User: rebecca | Action: downloaded_confidential_file
[2026-10-04 03:49:52] User: jennie | Action: logged_in
[2026-10-06 02:11:52] User: namjoon | Action: password_changed
[2026-10-07 11:03:52] User: namjoon | Action: logged_in
[2026-10-04 00:09:52] User: jane | Action: downloaded_confidential_file
[2026-10-03 02:47:52] User: jennie | Action: read_email
[2026-10-03 19:18:52] User: suspect66 | Action: accessed_shared_drive
[2026-10-03 18:19:52] User: thomas | Action: downloaded_confidential_file
[2026-10-02 02:48:52] User: jane | Action: update_profile
[2026-10-08 11:38:52] User: lisa | Action: read_email
[2026-10-04 21:31:52] User: diana | Action: password_changed
[2026-10-06 01:00:52] User: alex | Action: update_profile
[2026-10-05 11:05:52] User: kevin | Action: logged_out
[2026-10-04 05:20:52] User: thomas | Action: deleted_database
[2026-10-07 13:57:52] User: jisoo | Action: accessed_shared_drive
[2026-10-04 01:00:52] User: jin | Action: update_profile
[2026-10-04 06:01:52] User: jennie | Action: logged_in
[2026-10-02 06:09:52] User: jisoo | Action: logged_in
[2026-10-05 05:28:52] User: matilda | Action: failed_login
[2026-10-03 17:31:52] User: jane | Action: accessed_shared_drive
[2026-10-06 19:23:52] User: alex | Action: logged_in
[2026-10-08 20:37:52] User: laura | Action: read_email
[2026-10-02 15:28:52] User: william | Action: deleted_database
[2026-10-05 19:56:52] User: jane | Action: downloaded_confidential_file
[2026-10-04 13:13:52] User: willow | Action: failed_login
[2026-10-05 05:42:52] User: namjoon | Action: accessed_shared_drive
[2026-10-06 10:12:52] User: jimin | Action: read_email
[2026-10-06 20:21:52] User: jane | Action: deleted_database
[2026-10-06 21:03:52] User: chloe | Action: deleted_database
[2026-10-06 03:11:52] User: alex | Action: read_email
[2026-10-03 23:31:52] User: suspect66 | Action: password_changed
[2026-10-07 20:02:52] User: jimin | Action: read_email
[2026-10-05 09:30:52] User: nicole | Action: update_profile
[2026-10-04 21:07:52] User: julie | Action: accessed_shared_drive
[2026-10-02 07:49:52] User: emily | Action: accessed_shared_drive
[2026-10-06 23:31:52] User: sarah | Action: failed_login
[2026-10-04 14:31:52] User: jackson | Action: read_email
[2026-10-08 21:20:52] User: henry | Action: accessed_shared_drive
[2026-10-03 08:10:52] User: jin | Action: failed_login
[2026-10-05 02:32:52] User: francesca | Action: accessed_shared_drive
[2026-10-02 02:13:52] User: suspect66 | Action: failed_login
[2026-10-06 05:14:52] User: lily | Action: deleted_database
[2026-10-08 10:57:52] User: laura | Action: downloaded_confidential_file
[2026-10-04 01:35:52] User: jimin | Action: logged_in
[2026-10-06 23:40:52] User: margaret | Action: update_profile
[2026-10-04 15:24:52] User: nicole | Action: logged_in
[2026-10-06 11:50:52] User: emily | Action: downloaded_confidential_file
[2026-10-06 11:54:52] User: jisoo | Action: failed_login
[2026-10-04 05:04:52] User: antonio | Action: logged_out
[2026-10-02 11:11:52] User: luca | Action: downloaded_confidential_file
[2026-10-07 13:56:52] User: jennie | Action: logged_out
[2026-10-02 08:06:52] User: lisa | Action: logged_out
[2026-10-03 14:41:52] User: jungkook | Action: password_changed
[2026-10-04 10:40:52] User: felix | Action: password_changed
[2026-10-03 11:42:52] User: jungkook | Action: logged_in
[2026-10-02 09:41:52] User: jennie | Action: failed_login
[2026-10-04 18:58:52] User: karina | Action: read_email
[2026-10-06 19:18:52] User: thomas | Action: logged_in
[2026-10-07 23:23:52] User: yoonki | Action: accessed_shared_drive
[2026-10-05 18:11:52] User: jimin | Action: update_profile
[2026-10-03 00:42:52] User: jin | Action: accessed_shared_drive
[2026-10-07 15:57:52] User: chloe | Action: accessed_shared_drive
[2026-10-08 00:51:52] User: thomas | Action: logged_out
[2026-10-08 07:44:52] User: sarah | Action: read_email
[2026-10-04 09:58:52] User: lily | Action: downloaded_confidential_file
[2026-10-06 14:34:52] User: karina | Action: password_changed
[2026-10-02 03:53:52] User: jin | Action: update_profile
[2026-10-05 10:01:52] User: william | Action: deleted_database
[2026-10-02 03:11:52] User: chloe | Action: failed_login
[2026-10-08 10:24:52] User: emily | Action: update_profile
[2026-10-04 11:09:52] User: felix | Action: read_email
[2026-10-06 21:33:52] User: karina | Action: logged_in
[2026-10-05 19:30:52] User: thomas | Action: password_changed
[2026-10-05 13:11:52] User: julie | Action: deleted_database
[2026-10-03 16:45:52] User: diana | Action: password_changed
[2026-10-05 18:45:52] User: jackson | Action: deleted_database
[2026-10-04 20:13:52] User: suspect66 | Action: password_changed
[2026-10-07 08:32:52] User: sarah | Action: deleted_database
[2026-10-02 02:49:52] User: felix | Action: logged_out
[2026-10-08 11:55:52] User: namjoon | Action: accessed_shared_drive
[2026-10-05 03:16:52] User: antonio | Action: password_changed
[2026-10-02 23:46:52] User: margaret | Action: accessed_shared_drive
[2026-10-02 02:25:52] User: margaret | Action: accessed_shared_drive
[2026-10-05 00:35:52] User: antonio | Action: deleted_database
[2026-10-08 01:22:52] User: james | Action: read_email
[2026-10-07 13:37:52] User: luca | Action: failed_login
[2026-10-06 04:30:52] User: thomas | Action: password_changed
[2026-10-07 09:22:52] User: henry | Action: read_email
[2026-10-03 15:27:52] User: karina | Action: read_email
[2026-10-05 12:20:52] User: luca | Action: deleted_database
[2026-10-08 03:24:52] User: jimin | Action: logged_in
[2026-10-08 03:19:52] User: jin | Action: logged_out
[2026-10-02 15:17:52] User: thomas | Action: downloaded_confidential_file
[2026-10-07 10:48:52] User: emily | Action: logged_out
[2026-10-07 08:38:52] User: kevin | Action: password_changed
[2026-10-02 16:22:52] User: francesca | Action: logged_out
[2026-10-04 10:03:52] User: yoonki | Action: downloaded_confidential_file
[2026-10-06 18:53:52] User: chloe | Action: deleted_database
[2026-10-02 05:18:52] User: elisabetta | Action: update_profile
[2026-10-02 10:51:52] User: jackson | Action: update_profile
[2026-10-05 00:54:52] User: felix | Action: update_profile
[2026-10-04 19:34:52] User: francesca | Action: logged_out
[2026-10-02 10:45:52] User: chloe | Action: deleted_database
[2026-10-03 01:35:52] User: lisa | Action: logged_in
[2026-10-07 02:26:52] User: jane | Action: read_email
[2026-10-07 11:09:52] User: emily | Action: failed_login
[2026-10-07 11:15:52] User: jackson | Action: failed_login
[2026-10-03 21:51:52] User: thomas | Action: update_profile
[2026-10-04 10:37:52] User: alex | Action: accessed_shared_drive
[2026-10-08 12:51:52] User: james | Action: logged_in
[2026-10-06 08:29:52] User: jane | Action: failed_login
[2026-10-08 04:37:52] User: sarah | Action: downloaded_confidential_file
[2026-10-08 02:33:52] User: suspect66 | Action: update_profile
[2026-10-03 15:09:52] User: emily | Action: read_email
[2026-10-07 02:49:52] User: jennie | Action: read_email
[2026-10-06 21:11:52] User: henry | Action: accessed_shared_drive
[2026-10-02 01:58:52] User: luca | Action: deleted_database
[2026-10-05 14:36:52] User: jackson | Action: downloaded_confidential_file
[2026-10-07 17:45:52] User: jimin | Action: password_changed
[2026-10-02 13:59:52] User: namjoon | Action: update_profile
[2026-10-02 19:31:52] User: matilda | Action: password_changed
[2026-10-07 11:53:52] User: lily | Action: logged_in
[2026-10-07 11:55:52] User: felix | Action: deleted_database
[2026-10-03 21:58:52] User: suspect66 | Action: logged_in
[2026-10-02 01:51:52] User: laura | Action: failed_login
[2026-10-08 16:11:52] User: julie | Action: logged_out
[2026-10-05 20:47:52] User: laura | Action: failed_login
[2026-10-06 23:10:52] User: matilda | Action: downloaded_confidential_file
[2026-10-02 11:26:52] User: emily | Action: deleted_database
[2026-10-03 22:52:52] User: jackson | Action: logged_in
[2026-10-02 03:36:52] User: alex | Action: logged_in
[2026-10-06 07:32:52] User: henry | Action: password_changed
[2026-10-03 01:15:52] User: emily | Action: downloaded_confidential_file
[2026-10-05 12:54:52] User: jackson | Action: password_changed
[2026-10-08 10:27:52] User: antonio | Action: logged_in
[2026-10-04 17:20:52] User: felix | Action: accessed_shared_drive
[2026-10-03 12:51:52] User: william | Action: logged_out
[2026-10-05 13:48:52] User: diana | Action: logged_in
[2026-10-02 14:05:52] User: felix | Action: logged_in
[2026-10-08 08:38:52] User: james | Action: accessed_shared_drive
[2026-10-07 20:15:52] User: james | Action: deleted_database
[2026-10-06 08:56:52] User: jisoo | Action: accessed_shared_drive
[2026-10-02 12:52:52] User: jungkook | Action: logged_in
[2026-10-03 21:47:52] User: yoonki | Action: downloaded_confidential_file
[2026-10-02 19:09:52] User: luca | Action: read_email
[2026-10-06 13:06:52] User: laura | Action: update_profile
[2026-10-07 00:16:52] User: lily | Action: deleted_database
[2026-10-03 21:06:52] User: julie | Action: logged_out
[2026-10-04 00:40:52] User: emily | Action: update_profile
[2026-10-05 10:47:52] User: willow | Action: accessed_shared_drive
[2026-10-08 15:53:52] User: karina | Action: downloaded_confidential_file
[2026-10-04 22:33:52] User: jisoo | Action: password_changed
[2026-10-04 00:08:52] User: matilda | Action: accessed_shared_drive
[2026-10-07 06:01:52] User: nicole | Action: downloaded_confidential_file
[2026-10-02 09:01:52] User: karina | Action: accessed_shared_drive
[2026-10-04 22:52:52] User: jennie | Action: failed_login
[2026-10-07 06:17:52] User: elisabetta | Action: logged_out
[2026-10-08 07:36:52] User: felix | Action: logged_in
[2026-10-06 23:02:52] User: julie | Action: failed_login
[2026-10-05 13:22:52] User: margaret | Action: deleted_database
[2026-10-08 03:27:52] User: alex | Action: update_profile
[2026-10-04 15:14:52] User: yoonki | Action: logged_out
[2026-10-08 20:01:52] User: alex | Action: deleted_database
[2026-10-06 06:11:52] User: willow | Action: password_changed
[2026-10-08 00:55:52] User: elisabetta | Action: deleted_database
[2026-10-08 01:37:52] User: margaret | Action: logged_in
[2026-10-02 17:19:52] User: luca | Action: logged_in
[2026-10-02 12:58:52] User: diana | Action: accessed_shared_drive
[2026-10-04 12:47:52] User: william | Action: downloaded_confidential_file
[2026-10-03 20:38:52] User: margaret | Action: update_profile
[2026-10-05 20:43:52] User: nicole | Action: failed_login
[2026-10-07 17:31:52] User: jungkook | Action: read_email
[2026-10-08 04:10:52] User: jungkook | Action: accessed_shared_drive
[2026-10-07 11:37:52] User: luca | Action: logged_in
[2026-10-04 16:29:52] User: nicole | Action: logged_out
[2026-10-04 21:46:52] User: elisabetta | Action: downloaded_confidential_file
[2026-10-08 21:35:52] User: chloe | Action: update_profile
[2026-10-03 22:46:52] User: jisoo | Action: accessed_shared_drive
[2026-10-03 10:17:52] User: kevin | Action: update_profile
[2026-10-06 12:17:52] User: jisoo | Action: deleted_database
[2026-10-03 04:33:52] User: james | Action: logged_out
[2026-10-04 15:30:52] User: jimin | Action: downloaded_confidential_file
[2026-10-03 03:06:52] User: karina | Action: read_email
[2026-10-07 23:05:52] User: felix | Action: accessed_shared_drive
[2026-10-03 22:51:52] User: antonio | Action: downloaded_confidential_file
[2026-10-07 22:20:52] User: francesca | Action: accessed_shared_drive
[2026-10-08 18:36:52] User: felix | Action: deleted_database
[2026-10-02 16:55:52] User: margaret | Action: logged_out
[2026-10-04 06:09:52] User: henry | Action: read_email
[2026-10-07 05:08:52] User: jin | Action: deleted_database
[2026-10-05 15:53:52] User: laura | Action: password_changed
[2026-10-03 00:36:52] User: chloe | Action: failed_login
[2026-10-03 20:49:52] User: james | Action: password_changed
[2026-10-08 13:29:52] User: jisoo | Action: logged_in
[2026-10-02 10:53:52] User: nicole | Action: accessed_shared_drive
[2026-10-08 07:28:52] User: willow | Action: downloaded_confidential_file
[2026-10-07 18:39:52] User: rebecca | Action: accessed_shared_drive
[2026-10-03 20:17:52] User: elisabetta | Action: logged_in
[2026-10-04 08:09:52] User: suspect66 | Action: failed_login
[2026-10-03 21:59:52] User: matilda | Action: accessed_shared_drive
[2026-10-03 08:40:52] User: alex | Action: logged_in
[2026-10-07 11:27:52] User: karina | Action: update_profile
[2026-10-07 04:50:52] User: nicole | Action: downloaded_confidential_file
[2026-10-06 05:59:52] User: rebecca | Action: failed_login
[2026-10-06 11:40:52] User: namjoon | Action: failed_login
[2026-10-04 16:34:52] User: jimin | Action: accessed_shared_drive
[2026-10-07 17:22:52] User: diana | Action: update_profile
[2026-10-08 10:11:52] User: antonio | Action: accessed_shared_drive
[2026-10-08 20:02:52] User: matilda | Action: read_email
[2026-10-08 02:45:52] User: willow | Action: logged_in
[2026-10-03 08:49:52] User: chloe | Action: deleted_database
[2026-10-05 07:46:52] User: yoonki | Action: deleted_database
[2026-10-07 19:01:52] User: luca | Action: accessed_shared_drive
[2026-10-03 03:14:52] User: jane | Action: logged_in
[2026-10-03 14:46:52] User: thomas | Action: deleted_database
[2026-10-04 16:52:52] User: jackson | Action: downloaded_confidential_file
[2026-10-07 20:56:52] User: matilda | Action: update_profile
[2026-10-08 11:25:52] User: henry | Action: update_profile
[2026-10-05 13:32:52] User: felix | Action: deleted_database
[2026-10-04 05:40:52] User: francesca | Action: password_changed
[2026-10-05 01:15:52] User: francesca | Action: password_changed
[2026-10-07 07:21:52] User: francesca | Action: deleted_database
[2026-10-07 20:41:52] User: namjoon | Action: password_changed
[2026-10-05 04:54:52] User: jennie | Action: deleted_database
[2026-10-05 01:26:52] User: chloe | Action: update_profile
[2026-10-07 03:51:52] User: francesca | Action: deleted_database
[2026-10-07 22:12:52] User: lisa | Action: deleted_database
[2026-10-06 17:49:52] User: felix | Action: downloaded_confidential_file
[2026-10-05 11:47:52] User: jane | Action: logged_in
[2026-10-07 11:23:52] User: rebecca | Action: read_email
[2026-10-03 00:24:52] User: rebecca | Action: logged_in
[2026-10-03 21:05:52] User: felix | Action: accessed_shared_drive
[2026-10-02 07:23:52] User: laura | Action: deleted_database
[2026-10-05 17:24:52] User: jennie | Action: password_changed
[2026-10-05 14:53:52] User: felix | Action: logged_out
[2026-10-08 05:49:52] User: julie | Action: deleted_database
[2026-10-07 00:26:52] User: jimin | Action: deleted_database
[2026-10-02 18:46:52] User: jisoo | Action: deleted_database
[2026-10-06 16:48:52] User: francesca | Action: logged_out
[2026-10-06 18:31:52] User: henry | Action: update_profile
[2026-10-02 01:55:52] User: jennie | Action: logged_in
[2026-10-05 15:35:52] User: sarah | Action: read_email
[2026-10-05 17:01:52] User: thomas | Action: failed_login
[2026-10-04 00:35:52] User: nicole | Action: read_email
[2026-10-04 01:36:52] User: margaret | Action: failed_login
[2026-10-07 19:35:52] User: laura | Action: read_email
[2026-10-02 10:22:52] User: julie | Action: update_profile
[2026-10-03 20:13:52] User: jennie | Action: read_email
[2026-10-05 09:26:52] User: alex | Action: read_email
[2026-10-04 00:35:52] User: yoonki | Action: accessed_shared_drive
[2026-10-08 15:33:52] User: namjoon | Action: logged_in
[2026-10-02 22:45:52] User: jackson | Action: password_changed
[2026-10-06 04:16:52] User: willow | Action: password_changed
[2026-10-05 02:22:52] User: felix | Action: deleted_database
[2026-10-04 08:43:52] User: suspect66 | Action: deleted_database
[2026-10-04 23:27:52] User: jimin | Action: logged_in
[2026-10-08 21:23:52] User: jin | Action: failed_login
[2026-10-07 17:13:52] User: william | Action: logged_in
[2026-10-04 21:58:52] User: kevin | Action: password_changed
[2026-10-05 19:32:52] User: lily | Action: logged_in
[2026-10-08 02:53:52] User: lisa | Action: logged_out
[2026-10-03 19:00:52] User: namjoon | Action: logged_out
[2026-10-02 20:10:52] User: antonio | Action: read_email
[2026-10-08 07:18:52] User: jane | Action: logged_out
[2026-10-06 02:26:52] User: sarah | Action: downloaded_confidential_file
[2026-10-05 21:42:52] User: luca | Action: update_profile
[2026-10-04 12:26:52] User: jennie | Action: password_changed
[2026-10-03 02:51:52] User: rebecca | Action: logged_out
[2026-10-08 02:24:52] User: francesca | Action: password_changed
[2026-10-06 00:45:52] User: margaret | Action: logged_in
[2026-10-07 19:55:52] User: karina | Action: read_email
[2026-10-03 04:50:52] User: rebecca | Action: failed_login
[2026-10-05 05:26:52] User: yoonki | Action: logged_out
[2026-10-02 05:49:52] User: jennie | Action: accessed_shared_drive
[2026-10-04 04:45:52] User: nicole | Action: failed_login
[2026-10-03 17:20:52] User: jin | Action: deleted_database
[2026-10-07 10:24:52] User: diana | Action: read_email
[2026-10-08 18:48:52] User: jane | Action: logged_out
[2026-10-02 22:25:52] User: nicole | Action: logged_out
[2026-10-02 04:21:52] User: jin | Action: accessed_shared_drive
[2026-10-02 03:08:52] User: chloe | Action: read_email
[2026-10-06 01:26:52] User: nicole | Action: logged_out
[2026-10-07 22:03:52] User: jimin | Action: logged_in
[2026-10-05 04:41:52] User: rebecca | Action: logged_in
[2026-10-02 06:08:52] User: alex | Action: logged_out
[2026-10-04 21:55:52] User: jimin | Action: failed_login
[2026-10-04 04:24:52] User: luca | Action: accessed_shared_drive
[2026-10-06 17:59:52] User: alex | Action: logged_out
[2026-10-06 00:10:52] User: emily | Action: failed_login
[2026-10-04 19:20:52] User: nicole | Action: logged_in
[2026-10-07 00:45:52] User: jackson | Action: logged_out
[2026-10-07 23:08:52] User: elisabetta | Action: accessed_shared_drive
[2026-10-04 12:44:52] User: rebecca | Action: logged_in
[2026-10-06 09:51:52] User: felix | Action: accessed_shared_drive
[2026-10-02 09:53:52] User: alex | Action: deleted_database
[2026-10-07 01:06:52] User: elisabetta | Action: downloaded_confidential_file
[2026-10-08 20:49:52] User: alex | Action: accessed_shared_drive
[2026-10-06 13:22:52] User: julie | Action: logged_in
[2026-10-02 16:43:52] User: jane | Action: update_profile
[2026-10-02 01:49:52] User: chloe | Action: logged_in
[2026-10-05 06:37:52] User: nicole | Action: logged_out
[2026-10-02 09:10:52] User: yoonki | Action: logged_out
[2026-10-05 22:21:52] User: jennie | Action: logged_out
[2026-10-05 23:20:52] User: matilda | Action: logged_in
[2026-10-04 08:21:52] User: julie | Action: accessed_shared_drive
[2026-10-03 22:24:52] User: sarah | Action: failed_login
[2026-10-06 05:29:52] User: jane | Action: password_changed
[2026-10-06 11:55:52] User: emily | Action: logged_out
[2026-10-04 15:53:52] User: jane | Action: update_profile
[2026-10-03 04:47:52] User: jackson | Action: logged_out
[2026-10-02 04:40:52] User: jennie | Action: logged_out
[2026-10-04 13:24:52] User: william | Action: deleted_database
[2026-10-02 13:06:52] User: yoonki | Action: logged_in
[2026-10-06 17:28:52] User: elisabetta | Action: logged_out
[2026-10-07 13:08:52] User: margaret | Action: logged_out
